animal,protocol,accuracy,f1
1,A_shuffled_overlap,0.864532561505065,0.8389066778094547
1,B_blocked_overlap,0.8219044862518089,0.7583767406507762
1,C_temporal_holdout,0.8235021707670044,0.8174193694537283
1,D_nonoverlap_temporal,0.8075253256150506,0.8060297475776091
2,A_shuffled_overlap,0.85339507959479,0.8378585335865643
2,B_blocked_overlap,0.8036700434153401,0.7575734748585797
2,C_temporal_holdout,0.784891461649783,0.7735758796180653
2,D_nonoverlap_temporal,0.7626628075253257,0.7436031896360213
3,A_shuffled_overlap,0.8493082489146164,0.8288840606629773
3,B_blocked_overlap,0.8257713458755427,0.7615596936139446
3,C_temporal_holdout,0.8362373371924747,0.8336675005681088
3,D_nonoverlap_temporal,0.8104196816208393,0.8111260637290161
4,A_shuffled_overlap,0.8360868306801736,0.8037728327780194
4,B_blocked_overlap,0.8121447178002894,0.7345630600102553
4,C_temporal_holdout,0.7983212735166425,0.7631214664473686
4,D_nonoverlap_temporal,0.7829232995658466,0.7576056772037619
5,A_shuffled_overlap,0.8511490593342982,0.8257828801882872
5,B_blocked_overlap,0.7845788712011578,0.7210461619464497
5,C_temporal_holdout,0.5870332850940666,0.49909496645661927
5,D_nonoverlap_temporal,0.573082489146165,0.46899763466749783
6,A_shuffled_overlap,0.8345817655571635,0.8185840391280484
6,B_blocked_overlap,0.8081273516642546,0.7509660802378477
6,C_temporal_holdout,0.8582344428364689,0.8387789166722811
6,D_nonoverlap_temporal,0.8176555716353111,0.8030344607664196
7,A_shuffled_overlap,0.776,0.766500735852715
7,B_blocked_overlap,0.6903502170767004,0.6585817739278342
7,C_temporal_holdout,0.6728219971056439,0.6679004883145057
7,D_nonoverlap_temporal,0.6642547033285094,0.661199333124935
8,A_shuffled_overlap,0.782136034732272,0.7614868503721103
8,B_blocked_overlap,0.717163531114327,0.6716333538561848
8,C_temporal_holdout,0.6973661360347323,0.6728012399097762
8,D_nonoverlap_temporal,0.7076700434153401,0.6948518008245311
9,A_shuffled_overlap,0.7742402315484804,0.7674730203969531
9,B_blocked_overlap,0.722465991316932,0.6513661350181015
9,C_temporal_holdout,0.6168451519536903,0.5737928718348937
9,D_nonoverlap_temporal,0.658465991316932,0.6112078016999918
10,A_shuffled_overlap,0.8837858176555716,0.8514464217167754
10,B_blocked_overlap,0.8535803183791606,0.7840468633760842
10,C_temporal_holdout,0.7734876989869754,0.7597133811053253
10,D_nonoverlap_temporal,0.7597684515195369,0.7507903788773528
11,A_shuffled_overlap,0.8320115774240232,0.7554521975658062
11,B_blocked_overlap,0.8006136034732272,0.6698528349626236
11,C_temporal_holdout,0.676410998552822,0.6196196546248024
11,D_nonoverlap_temporal,0.6063675832127352,0.5452905698339628
12,A_shuffled_overlap,0.8809609261939219,0.856849431180659
12,B_blocked_overlap,0.84410998552822,0.741720808098653
12,C_temporal_holdout,0.7661939218523879,0.7563744670414794
12,D_nonoverlap_temporal,0.76410998552822,0.7540891628301262
13,A_shuffled_overlap,0.871629522431259,0.8357988385783528
13,B_blocked_overlap,0.7978813314037627,0.7363355414141345
13,C_temporal_holdout,0.8236179450072358,0.8118393614926505
13,D_nonoverlap_temporal,0.784370477568741,0.7792121255015495
14,A_shuffled_overlap,0.8469232995658466,0.8130781782551584
14,B_blocked_overlap,0.8040289435600579,0.711257662160129
14,C_temporal_holdout,0.8112301013024602,0.7701283601700452
14,D_nonoverlap_temporal,0.8191027496382055,0.7828154438736905
15,A_shuffled_overlap,0.86227496382055,0.8378964116217485
15,B_blocked_overlap,0.828040520984081,0.7330843870968253
15,C_temporal_holdout,0.8657597684515196,0.828721088017693
15,D_nonoverlap_temporal,0.8596237337192475,0.8257259214991013
16,A_shuffled_overlap,0.8091693198263386,0.763486937533133
16,B_blocked_overlap,0.7550448625180898,0.6848899174131579
16,C_temporal_holdout,0.7184370477568741,0.7012313519524737
16,D_nonoverlap_temporal,0.7308248914616498,0.7191391500491163
17,A_shuffled_overlap,0.835426917510854,0.7936576213105742
17,B_blocked_overlap,0.8138118668596238,0.7334265144035046
17,C_temporal_holdout,0.8652387843704775,0.785472921563192
17,D_nonoverlap_temporal,0.8335745296671491,0.7574368456369642
18,A_shuffled_overlap,0.8633400868306801,0.80681972116405
18,B_blocked_overlap,0.7996526772793053,0.6938697204855448
18,C_temporal_holdout,0.7332561505065123,0.6434589835280664
18,D_nonoverlap_temporal,0.6946454413892909,0.6485709279198933
