model,true,pred,pooled_count,pooled_row_frac,mean_per_animal_row_frac
XGBoost,Other,Other,633269,0.9000565671955747,0.8958215161139587
XGBoost,Other,Ruminating,23437,0.03331068750461918,0.03434753771418324
XGBoost,Other,Eating,46882,0.06663274529980613,0.06983094617185814
XGBoost,Ruminating,Other,50795,0.08590975205493354,0.08701048383766626
XGBoost,Ruminating,Ruminating,444517,0.7518130771572574,0.7524390122105539
XGBoost,Ruminating,Eating,95948,0.1622771707878091,0.16055050395177986
XGBoost,Eating,Other,53482,0.20577756231194835,0.21084169947304707
XGBoost,Eating,Ruminating,40723,0.15668598163923325,0.16394713887966791
XGBoost,Eating,Eating,165697,0.6375364560488184,0.625211161647285
1D-CNN,Other,Other,607684,0.8636929566735078,0.8584558850253629
1D-CNN,Other,Ruminating,9270,0.013175324195409814,0.01393493667969468
1D-CNN,Other,Eating,86634,0.1231317191310824,0.12760917829494262
1D-CNN,Ruminating,Other,42114,0.07122754794844907,0.07280369031109482
1D-CNN,Ruminating,Ruminating,407272,0.6888204850657917,0.689981888505693
1D-CNN,Ruminating,Eating,141874,0.2399519669857592,0.23721442118321223
1D-CNN,Eating,Other,40826,0.15708228486121692,0.16102829565844703
1D-CNN,Eating,Ruminating,16990,0.06537079360682103,0.06808877412091469
1D-CNN,Eating,Eating,202086,0.777546921531962,0.7708829302206381
Transformer,Other,Other,607017,0.8627449586974195,0.8591837392748474
Transformer,Other,Ruminating,7568,0.010756294877115585,0.011229170678243874
Transformer,Other,Eating,89003,0.1264987464254649,0.12958709004690852
Transformer,Ruminating,Other,53677,0.09078408821838109,0.09029855200296383
Transformer,Ruminating,Ruminating,385762,0.6524405506883605,0.6545470190024426
Transformer,Ruminating,Eating,151821,0.2567753610932585,0.25515442899459356
Transformer,Eating,Other,38463,0.14799039638017406,0.1499392997749014
Transformer,Eating,Ruminating,12652,0.04867988703434371,0.05247830556035804
Transformer,Eating,Eating,208787,0.8033297165854822,0.7975823946647405
STA-LSTM-H,Other,Other,587189,0.834563693525188,0.8305011057509097
STA-LSTM-H,Other,Ruminating,9805,0.013935712377129797,0.014945652561944819
STA-LSTM-H,Other,Eating,106594,0.15150059409768216,0.15455324168714543
STA-LSTM-H,Ruminating,Other,39200,0.06629909007881474,0.06800968496206734
STA-LSTM-H,Ruminating,Ruminating,402589,0.680900111626019,0.6808079500426898
STA-LSTM-H,Ruminating,Eating,149471,0.2528007982951663,0.2511823649952429
STA-LSTM-H,Eating,Other,33046,0.12714792498711053,0.12806284577387606
STA-LSTM-H,Eating,Ruminating,18943,0.07288516440812307,0.07325347691110451
STA-LSTM-H,Eating,Eating,207913,0.7999669106047664,0.7986836773150194
GRU,Other,Other,600085,0.852892601920442,0.8488689082084027
GRU,Other,Ruminating,7933,0.01127506438427034,0.012324252298240756
GRU,Other,Eating,95570,0.13583233369528758,0.13880683949335657
GRU,Ruminating,Other,48989,0.08285525826201671,0.08503558627190083
GRU,Ruminating,Ruminating,387459,0.6553106924195785,0.6542093806576134
GRU,Ruminating,Eating,154812,0.26183404931840476,0.2607550330704858
GRU,Eating,Other,38756,0.1491177443805742,0.1514209206018025
GRU,Eating,Ruminating,15386,0.059199236635347166,0.05913120004135543
GRU,Eating,Eating,205760,0.7916830189840787,0.789447879356842
LSTM,Other,Other,605638,0.8607850048607992,0.8559154864124633
LSTM,Other,Ruminating,7119,0.010118137318999187,0.010798982891537221
LSTM,Other,Eating,90831,0.12909685782020158,0.1332855306959995
LSTM,Ruminating,Other,44497,0.07525792375604641,0.07692543688410793
LSTM,Ruminating,Ruminating,380003,0.642700334878057,0.6440515738232967
LSTM,Ruminating,Eating,166760,0.28204174136589655,0.27902298929259545
LSTM,Eating,Other,42515,0.16358088818092972,0.1672813611262495
LSTM,Eating,Ruminating,13203,0.050799916891751506,0.05329791607557656
LSTM,Eating,Eating,204184,0.7856191949273188,0.7794207227981739
STA-LSTM,Other,Other,597018,0.8485335167740211,0.8444221113493783
STA-LSTM,Other,Ruminating,11426,0.0162396175034253,0.017739986965503503
STA-LSTM,Other,Eating,95144,0.13522686572255355,0.1378379016851181
STA-LSTM,Ruminating,Other,53023,0.08967797584818861,0.0920959715575694
STA-LSTM,Ruminating,Ruminating,389953,0.6595288028955113,0.6580498003313541
STA-LSTM,Ruminating,Eating,148284,0.2507932212563001,0.24985422811107647
STA-LSTM,Eating,Other,41564,0.15992181668475042,0.16060816414343593
STA-LSTM,Eating,Ruminating,22030,0.0847627182553424,0.09001978333663467
STA-LSTM,Eating,Eating,196308,0.7553154650599072,0.7493720525199294
