input,model,animal,trial,accuracy,balanced_accuracy,macro_f1,kappa,recall_Other,precision_Other,f1_Other,recall_Ruminating,precision_Ruminating,f1_Ruminating,recall_Eating,precision_Eating,f1_Eating
accel,XGBoost,1,1,0.8510217076700434,0.8138794335747113,0.8074246350464865,0.7614841602092461,0.9442563382607978,0.9061418570862502,0.9248065568466743,0.8241899701459834,0.8993424985056784,0.8601277672178473,0.6731919923173525,0.6051128818061089,0.6373395810749379
accel,XGBoost,2,1,0.8226222865412446,0.8091757213645292,0.801521316532397,0.7259482157807597,0.9011563789898226,0.8466548253404381,0.873055848100493,0.8020467678349624,0.9105205076328858,0.8528482829906971,0.7243240172688026,0.6384118560056076,0.678659818506001
accel,XGBoost,3,1,0.8210477568740955,0.7758500438876826,0.7807003907835446,0.7150614399939328,0.9375152352319818,0.8598469793322735,0.8970029931197119,0.8098485305654457,0.8419863851679894,0.8256048232055245,0.5801863658656204,0.6645134110377756,0.6194933560253977
accel,XGBoost,4,1,0.8287698986975398,0.7675415196876608,0.7747033880542228,0.7188764963959976,0.9390387444825895,0.8780409510925642,0.9075160262107047,0.8075789740502519,0.8307150772439867,0.8189836608132641,0.556006840530141,0.6459437086092715,0.5976104771386995
accel,XGBoost,5,1,0.8327872648335746,0.7876681284498926,0.7900097726385179,0.7293199619125496,0.9540341053703232,0.8514833492344737,0.8998463606683311,0.7744482874720701,0.9027079096649898,0.833673805601318,0.6345219925072846,0.6385087964255795,0.6365091516459044
accel,XGBoost,6,1,0.8147033285094066,0.7889667419825944,0.7905861757226896,0.709943518740537,0.9536173567874718,0.8241306390977443,0.8841582536141466,0.7264687912017236,0.8931014034394149,0.8012129380053908,0.6868140779585878,0.6859611231101512,0.6863873355485317
accel,XGBoost,7,2,0.728451519536903,0.7296713392954857,0.7147367239086307,0.5873505425672796,0.6599451215621212,0.7499637418419144,0.702080716879943,0.7732702092346203,0.8579881656804734,0.8134293115045008,0.7557986870897155,0.5381948502200927,0.6287001433414484
accel,XGBoost,8,2,0.48947033285094066,0.5349732437725822,0.46104648424060324,0.28147867394317705,0.7522876619787509,0.8213698997552553,0.7853124549228279,0.11653516489754215,0.49595361758666506,0.18872520855836186,0.7360969044414536,0.283266692908492,0.40910178924061996
accel,XGBoost,9,2,0.7437105643994212,0.7319830404236068,0.727808519465155,0.6076860437330798,0.8152275435601791,0.7506301711099908,0.781596418094797,0.7353902909365305,0.8366081648225868,0.7827406184462987,0.645331286774111,0.5948967078577493,0.6190885218543697
accel,XGBoost,10,2,0.8685267727930536,0.8437893211942521,0.829820801614294,0.787728222328654,0.951118559711536,0.9077601667393728,0.9289336954230374,0.8098542477208059,0.9413769827877152,0.8706767386689974,0.7703951561504143,0.6245559646063424,0.6898519707508471
accel,XGBoost,11,3,0.8142170767004342,0.7454821513249472,0.7147657583020476,0.685040759003521,0.8609086285811155,0.9480783142370429,0.9023932478205342,0.8058187171937012,0.8478531739350059,0.8263017115476132,0.5697191082000251,0.32711361828306934,0.41560231553799504
accel,XGBoost,12,3,0.8606193921852388,0.836383405770516,0.8276210737635977,0.7785093701412489,0.9530727993162924,0.8991424173568863,0.9253224711473184,0.7982675882051127,0.940174889805204,0.8634293642373296,0.7578098297901429,0.6402910939124408,0.6941113859061453
accel,XGBoost,13,3,0.8383791606367583,0.7408213512031404,0.7554682098913905,0.7269770204517318,0.9419853560221445,0.8516434090646984,0.8945391995348386,0.8651707648340454,0.860084388185654,0.8626200787123894,0.4153079327532314,0.65809906291834,0.5092453514269436
accel,XGBoost,14,3,0.8309811866859623,0.742135927204135,0.760603800398666,0.7072065164155698,0.9562098905247263,0.8377300494144196,0.893057499870379,0.8101978910876787,0.8709627329192546,0.8394821522113298,0.46,0.6815369586453924,0.5492717491142894
accel,XGBoost,15,3,0.832590448625181,0.817670793407841,0.8009955563148607,0.736263542041978,0.8964010817557728,0.8834896714336973,0.889898546609185,0.7858775340595411,0.9358475894245724,0.8543310262491328,0.7707337644082092,0.5751901389981642,0.6587570960862644
accel,XGBoost,16,3,0.7927641099855283,0.6637204008517341,0.6810595481326217,0.6305876015313353,0.9637414844030119,0.7823397791562824,0.8636176514885285,0.7389436950540232,0.8794728434504793,0.8031071076911855,0.2884760230981672,0.5416404776869893,0.37645388521815104
accel,XGBoost,17,3,0.8361331403762663,0.7942817754676161,0.7790327939761384,0.733661478101952,0.8844438846202293,0.8841543265840637,0.8842990818986688,0.8378851639506313,0.9321038079678271,0.8824868000297464,0.660516277831988,0.5017858346249747,0.5703125
accel,XGBoost,18,3,0.789534008683068,0.716835800967857,0.6993372766302768,0.6169671976066707,0.8598271188923888,0.9235944446630208,0.8905707619643771,0.7221096313453002,0.7508780732563974,0.73621291877798,0.5685706526658821,0.40234450067260263,0.4712281491484733
accel,1D-CNN,1,1,0.7601852387843705,0.8009662971899115,0.7379970975639059,0.6458663720513382,0.8491755443609437,0.966113373003445,0.9038779905357692,0.5998192325600504,0.9837391069984728,0.7452401612985554,0.9539041146487405,0.4012366777491222,0.5648731408573928
accel,1D-CNN,2,1,0.8175629522431259,0.8185383726713841,0.8014507741895288,0.7223954550577737,0.8476856665721397,0.9029670403436934,0.8744535274902082,0.7930010260841389,0.9263184456220035,0.8544909656958305,0.8149284253578732,0.5766772520802348,0.6754078293825475
accel,1D-CNN,3,1,0.8199479015918958,0.8087769592385164,0.79446947858959,0.7220544227671601,0.8867040437691287,0.8934799814415545,0.8900791169353742,0.770683724579084,0.9272826284262117,0.8417618270799347,0.7689431093673369,0.5652800937401415,0.651567491753461
accel,1D-CNN,4,1,0.8287351664254703,0.8185407098759768,0.7942892504431914,0.7296645142080679,0.914271701814615,0.908258221680877,0.911255040938531,0.7226957320743956,0.9428323412698413,0.8182160601223253,0.8186546957389198,0.5436521080774145,0.6533966502687178
accel,1D-CNN,5,1,0.8261186685962373,0.806152167975862,0.791114740824652,0.7246759723568281,0.9346907610078901,0.8717863501483679,0.9021433396794203,0.7254751920663586,0.9490670297108993,0.8223436551305404,0.7582905508533371,0.5670263540153558,0.6488572276639952
accel,1D-CNN,6,1,0.8169030390738061,0.8048094352232904,0.7972338244215099,0.7171932939996607,0.9327913868573449,0.8556073717549066,0.8925338189386056,0.701996977200373,0.9181913774973712,0.7956699227292608,0.7796399416121533,0.6409048486733923,0.7034977315966633
accel,1D-CNN,7,2,0.7164804630969609,0.731211334414601,0.7055306972224044,0.5770424471292045,0.6030246952970455,0.775130213673461,0.6783310901749664,0.7529725464587925,0.9094015970556341,0.8238271016908788,0.837636761487965,0.48515573017331515,0.6144338998013683
accel,1D-CNN,8,2,0.4581070911722142,0.5304836019721678,0.3988685836263701,0.2595422774999319,0.7120923662715716,0.8301116838487973,0.7665862285544279,0.0026962592949991487,0.2923076923076923,0.005343232374363733,0.8766621803499327,0.2802078672953161,0.4246762899503188
accel,1D-CNN,9,2,0.7423444283646888,0.7460371830649493,0.7326467055465969,0.6122206622203199,0.8017327450159425,0.7587247401627603,0.7796360675248207,0.6869288169699003,0.9113797322852164,0.783394422310757,0.7494499872090049,0.5507388051283979,0.634909626804213
accel,1D-CNN,10,2,0.8411808972503618,0.8457293501761676,0.8049037876411296,0.7518653567377334,0.9033290165308143,0.9418087472201631,0.9221676409212862,0.7571859938447245,0.9710679177837355,0.8508923619041404,0.8766730401529637,0.5060008277003725,0.6416513600979621
accel,1D-CNN,11,3,0.7578465991316932,0.7745975428781291,0.6929367166996503,0.6209591404364208,0.7570350906933379,0.9757203331967773,0.8525779469495388,0.7420944821405709,0.9457111392095281,0.8316206667742687,0.8246630558004786,0.2593590302262013,0.3946115363751431
accel,1D-CNN,12,3,0.8504544138929089,0.8538640733942763,0.8238279249597961,0.7686657005908019,0.9044104317198871,0.9445781829001109,0.9240580016934801,0.7724323182325777,0.9715663199453345,0.8606305170239597,0.8847494702303643,0.5612262596479056,0.6867952561619485
accel,1D-CNN,13,3,0.8117163531114328,0.7419446707944912,0.7404173222407188,0.6902910432446175,0.9312702502742557,0.8517792556294481,0.889752839662653,0.7779632721202003,0.8851044651192738,0.8280826456237576,0.5166004899890175,0.4908886569800112,0.5034164814357455
accel,1D-CNN,14,3,0.8257481910274964,0.7659326244442659,0.7742634237799776,0.7040345913075424,0.9398885261919037,0.837375855656234,0.8856757237468481,0.7450888343203813,0.9567374571084114,0.83775224329043,0.6128205128205129,0.5864825071864265,0.5993623043026547
accel,1D-CNN,15,3,0.8152127351664255,0.815571956170694,0.7861715680752633,0.7142759284101217,0.8759621385479509,0.8904102347219285,0.8831270973154363,0.7388026475913448,0.9885618968187776,0.8456259554951588,0.831951082372786,0.5066341379900702,0.6297616514151947
accel,1D-CNN,16,3,0.7892329956584659,0.7044149938836451,0.7122857689032438,0.6365699680639783,0.9502061670849767,0.800672230824427,0.869053718923572,0.6649218173276962,0.9524633501562124,0.7831327681941234,0.49811699723826264,0.4719314938154139,0.4846708195920362
accel,1D-CNN,17,3,0.8128972503617945,0.8016012309757422,0.7644846180952992,0.704915358372636,0.8386950497543771,0.9031767993272022,0.8697424107842625,0.7983449600361511,0.9625429904314367,0.872788464507364,0.7677636831366983,0.4295924951605698,0.5509229789942711
accel,1D-CNN,18,3,0.7995369030390738,0.7467517181660929,0.7226234902822705,0.6364682544347269,0.8692403486924035,0.9225805197581978,0.8951165005516214,0.6665701602007335,0.8821200510855683,0.7593447669305189,0.7044446456051416,0.4038820842848246,0.513409203364671
accel,Transformer,1,1,0.8351143270622287,0.8342414069791225,0.8024922175392675,0.7442871302275498,0.8960277479560658,0.9418947855778691,0.9183889398321224,0.7762318205472324,0.9393768644348691,0.8500472398434337,0.8304646524340696,0.5193329329699266,0.6390404729422465
accel,Transformer,2,1,0.8188943560057887,0.8219996676263239,0.803335909185681,0.7250670619264392,0.8496077133944607,0.9025002510292198,0.8752556237218814,0.788113625317276,0.9399697272229558,0.8573694646397885,0.8282776641672347,0.5729948520454278,0.6773826391953729
accel,Transformer,3,1,0.8260376266280752,0.8168914750035632,0.8011296358128547,0.7309008767426288,0.9292543538907397,0.8757434208847028,0.9017056952876554,0.7262386096192143,0.961567656106428,0.8274972925584034,0.7951814615007357,0.5851490955023233,0.674185919592505
accel,Transformer,4,1,0.8300086830680173,0.8188389038359135,0.7950288780523233,0.7319306074188419,0.9082393330063757,0.9203130823704808,0.9142363468065412,0.7374607902157726,0.9249692008107141,0.8206402933502573,0.8108165882855921,0.5427099728144227,0.6502099940001714
accel,Transformer,5,1,0.821534008683068,0.815288378103781,0.7894016984541364,0.7210094632281313,0.9259608042758972,0.8913416307330458,0.9083214740468879,0.6940405864528175,0.9676111632670479,0.8083058550931289,0.825863743582628,0.5380338983050847,0.6515777662223925
accel,Transformer,6,1,0.7927178002894356,0.7852418264895723,0.7733061921148611,0.6798133893223031,0.9408390201462712,0.8082636520764236,0.8695269803379609,0.6107019969772004,0.9560511478050745,0.7453150448382097,0.8041844623452452,0.6277165885977128,0.7050765511684126
accel,Transformer,7,2,0.6997858176555717,0.7208097553370791,0.6926231745283453,0.5557390941776607,0.6174143322059856,0.7744427102093089,0.687070603064141,0.6956166843522977,0.919342658851451,0.7919829001579877,0.8493982494529541,0.462402096548438,0.5988160203629072
accel,Transformer,8,2,0.4531751085383502,0.5264167215632908,0.3972908123990819,0.25372238863441315,0.6958484308788306,0.8383957971068112,0.760500041949828,0.0043707782255775676,0.22547584187408493,0.008575326447086338,0.8790309555854643,0.2783355777917938,0.42279706880033147
accel,Transformer,9,2,0.5792648335745296,0.6212334657711823,0.5595815141335237,0.38498276566876727,0.8074656188605108,0.5720968441229491,0.6697029597179186,0.2660070987395545,0.9396781518412479,0.4146373339141799,0.7902276797134817,0.476359374518089,0.5944042487684729
accel,Transformer,10,2,0.842767004341534,0.848591988913738,0.8065001760426299,0.7543606473423707,0.9156699931439019,0.9388424587987191,0.9271114539143849,0.7433946925265664,0.9825019186492709,0.846385243463026,0.8867112810707457,0.508079978088195,0.6460038307504788
accel,Transformer,11,3,0.7731403762662807,0.7721628741412911,0.6997237995116109,0.6380462951482546,0.8020850991693508,0.9664504927743451,0.87662984321082,0.7253872743566765,0.9407272123526482,0.8191412462050022,0.789016248897846,0.27096941644677075,0.4034003091190108
accel,Transformer,12,3,0.8482894356005789,0.8592201529689717,0.8235822838931895,0.7668782853130527,0.8947763706523709,0.9527880425790083,0.9228714524207011,0.7621102827996258,0.9896531452087007,0.8611035329422998,0.9207738054549183,0.5476054963818197,0.6867718663165677
accel,Transformer,13,3,0.8152590448625181,0.7871556686276427,0.7655043509590191,0.7044336622210999,0.8715718039645891,0.9013984168865435,0.8862342244185896,0.7921677371891005,0.8915355709827399,0.8389194372443552,0.6977274647292389,0.48374626603408893,0.5713593912141127
accel,Transformer,14,3,0.8313748191027497,0.7755094111031277,0.7823553366164302,0.7142200601390226,0.9426198565496414,0.8437990736875584,0.8904761904761904,0.7456666185179835,0.9643657762002615,0.8410312805474096,0.6382417582417582,0.5944323144104804,0.6155585388256907
accel,Transformer,15,3,0.787589001447178,0.8007644617667387,0.760571088063028,0.6763379907115876,0.8661587268566674,0.8965359459532205,0.8810855850493989,0.6608886646285358,0.9954844190101488,0.7943915230653965,0.8752459938150127,0.46371253025507353,0.6062361560742886
accel,Transformer,16,3,0.7838610709117222,0.708160577253978,0.7112313783707088,0.6300247922080048,0.9446934385084259,0.8020700546053007,0.8675591410020271,0.6415005704315146,0.9677549987344976,0.7715559860362815,0.5382877228219934,0.45743545978237676,0.49457900807381777
accel,Transformer,17,3,0.8104081041968162,0.7974634057160376,0.7609554662343182,0.7005425513256532,0.8675903766217408,0.8904258344752696,0.8788597968662277,0.7612054113593357,0.9793248791831692,0.8565980167810832,0.7635944291670362,0.4266243742875551,0.5474085850556438
accel,Transformer,18,3,0.7618176555716353,0.7578887764508307,0.7061364310953152,0.5950802742857283,0.7894842868654312,0.9495792766201154,0.8621627567448651,0.6507430997876857,0.9285320848251171,0.7652065365410804,0.8334389426993754,0.34805126072657167,0.49104
accel,STA-LSTM-H,1,1,0.8031953690303908,0.8290602456408668,0.7775042479101865,0.7033615840887435,0.8602141657720153,0.9643264928251813,0.909299889425595,0.7009120539015639,0.9748209660216365,0.8154804582317607,0.9260545172490212,0.45226928349808787,0.6077323960732033
accel,STA-LSTM-H,2,1,0.8137192474674385,0.8172795788921002,0.7981081427304977,0.7177516552698073,0.8447868418565082,0.9028488685344828,0.8728533524327315,0.78144407841443,0.9427324255651834,0.8545443807948976,0.8256078164053624,0.559408798737539,0.6669266949638637
accel,STA-LSTM-H,3,1,0.8185586107091172,0.8040237990320557,0.7916211353705628,0.7187724821938688,0.909292814387476,0.8763704709199123,0.8925281473899693,0.7497133546557239,0.9318207387961748,0.83090608122795,0.7530652280529672,0.5739650499953275,0.6514291774937689
accel,STA-LSTM-H,4,1,0.806958031837916,0.7952855809042343,0.7708422003753167,0.697149367100658,0.8779548798430603,0.91830819739407,0.8976782669742253,0.7266563163397864,0.8929642175758283,0.8012717490042625,0.7812455465298561,0.5051603391079985,0.613576585147462
accel,STA-LSTM-H,5,1,0.8220434153400868,0.8095662441098345,0.7882959805598636,0.7206979204259714,0.9212776787986765,0.8919032130889021,0.9063525051956832,0.7163845612316734,0.9442449671198612,0.8146820286122037,0.7910364922991536,0.5428489811464483,0.6438534078717036
accel,STA-LSTM-H,6,1,0.8071664254703329,0.7952598943157249,0.7873755941250827,0.7021727347171095,0.9263478426361437,0.8464041733946094,0.8845734461810063,0.6866578769656237,0.907672688629118,0.7818461425799128,0.7727739633454074,0.6326178358043815,0.6957071936143289
accel,STA-LSTM-H,7,2,0.7079015918958032,0.7252018053767108,0.6993737945251469,0.565548824290545,0.6290919532895156,0.7704661795162362,0.6926387156833471,0.7122683862541833,0.910095953274927,0.7991208388662484,0.8342450765864332,0.47626483447845097,0.6063618290258449
accel,STA-LSTM-H,8,2,0.4720926193921852,0.5361294708564085,0.46108418935897344,0.2728521518337203,0.5932567708653197,0.8491934420465035,0.698519442486035,0.15612760401884543,0.754181519056759,0.25870015048908956,0.8590040376850606,0.28325936445943545,0.4260329751017956
accel,STA-LSTM-H,9,2,0.7447525325615051,0.7420601065545042,0.7326678203786976,0.6132272861328503,0.7992205868143901,0.7665575188434449,0.7825483672600558,0.715882731058383,0.8728914636224229,0.7866289960998679,0.7110770017907393,0.5636304647578879,0.628826097776169
accel,STA-LSTM-H,10,2,0.8168104196816208,0.8263325185956223,0.7792030284473812,0.7165046297565549,0.9062238135141312,0.9372587126086614,0.9214800278860802,0.6908425759247431,0.9754437748534416,0.8088382765360754,0.8819311663479924,0.46308303702154363,0.6072907809199879
accel,STA-LSTM-H,11,3,0.7573603473227207,0.7674640520301331,0.6896132824627902,0.6185267270775073,0.7689015087302933,0.9724239581937558,0.8587690960512147,0.7275956983740878,0.9380622266237517,0.8195320667652042,0.8058949489860184,0.2577136872633529,0.3905386845719518
accel,STA-LSTM-H,12,3,0.8188480463096961,0.8440934819015431,0.7986807226450375,0.7268691714980882,0.8161241032812784,0.9815910789932719,0.8912425583664465,0.7625026408716385,0.9762355577881681,0.856232630651393,0.9536537015517124,0.49137080867850097,0.648566978917273
accel,STA-LSTM-H,13,3,0.7935282199710565,0.7708979760373547,0.7428474338873813,0.6739186484706945,0.8637395719060132,0.8923093142164357,0.8777920377500357,0.7459890778416004,0.9164986442327748,0.8224998830080958,0.7029652783644504,0.42309452382163015,0.5282503809040122
accel,STA-LSTM-H,14,3,0.8144023154848047,0.7780769961504858,0.7706343330637271,0.6932492319473667,0.890924433193436,0.8663571582811488,0.8784690671425287,0.7493138812653474,0.9271671134941912,0.828806518613197,0.693992673992674,0.5356516822165677,0.6046274134354556
accel,STA-LSTM-H,15,3,0.7764515195369031,0.7978665644116928,0.7543748334079888,0.6633067633327597,0.7975088412731434,0.9172997547406831,0.853220197523995,0.703273871360304,0.9850746268656716,0.8206566916043225,0.8928169806016306,0.439732761008031,0.5892476110956489
accel,STA-LSTM-H,16,3,0.7696324167872648,0.6987962352414091,0.6972835808039063,0.6099144241015818,0.9187656866260309,0.8088821370792724,0.8603294512642955,0.6389168512180391,0.927652733118971,0.7566762041010968,0.5387061678801573,0.42452021367803205,0.47484508704632633
accel,STA-LSTM-H,17,3,0.7622228654124458,0.7774035171212352,0.7210917451275675,0.6374668228256796,0.8217659654868371,0.9206367125762023,0.8683961824643603,0.6708278024119524,0.9771670712140536,0.795525337441806,0.8396167834649162,0.3553461480702808,0.4993537154765359
accel,STA-LSTM-H,18,3,0.7605325615050651,0.7451583314797982,0.6994911421326431,0.5862301162951118,0.8036224452421068,0.9299777471654127,0.8621953256245763,0.6192337386604903,0.9308718990279994,0.7437264560996812,0.8126188105367973,0.353369548102661,0.4925516446736715
accel,GRU,1,1,0.8354848046309696,0.8180956303308099,0.7975294805860268,0.7411588517971021,0.9337682715335701,0.9047771465151636,0.9190441355766886,0.7687272328887185,0.9276507139079851,0.8407446792577171,0.7517913865701411,0.5463281082241787,0.6327996269236748
accel,GRU,2,1,0.816821997105644,0.8152692925805022,0.7995789489454119,0.7208888016986249,0.8468349245360305,0.9028183681010448,0.8739309986017624,0.7992115353458984,0.9230625292374863,0.8566838883341293,0.7997614178595773,0.5736930035450878,0.6681219599003441
accel,GRU,3,1,0.8074674384949349,0.8092844176432373,0.7865713720555156,0.7066886979542081,0.8534709244061646,0.9088837611768099,0.8803061837381794,0.7458511858065294,0.9456388676358072,0.8339462231368713,0.8285311427170181,0.5286524545276745,0.6454617092914965
accel,GRU,4,1,0.756642547033285,0.7213389979905882,0.7141998856407429,0.6021798419930448,0.939087788131437,0.768409647257113,0.8452183892824825,0.5630366591679604,0.8857983151388266,0.6884661578396808,0.6618925466723671,0.5637897547948532,0.6089151098000656
accel,GRU,5,1,0.8192532561505065,0.8140081636887668,0.7877175528957098,0.7186207498157399,0.9002290659200815,0.9072953006361584,0.9037483711066254,0.7213430871415016,0.9488666102991504,0.819607706753843,0.8204523380047176,0.524341580207502,0.6397965808266609
accel,GRU,6,1,0.8125383502170767,0.806634120463421,0.7938650920947669,0.7119009452092655,0.9340692205214649,0.8555206932616166,0.893071134275205,0.6621860629642731,0.9462800422774689,0.7791441219872111,0.8236470779045251,0.6229555119398102,0.7093800200218844
accel,GRU,7,2,0.6538581765557163,0.6867724577783573,0.6523778507706749,0.4961910383274006,0.5932933443941037,0.7806465155331654,0.6741960044958486,0.5989715125295895,0.914392523364486,0.7238114026435194,0.8680525164113786,0.41237006237006235,0.5591261451726568
accel,GRU,8,2,0.4486946454413893,0.519233351327354,0.39536645662641834,0.24595115361057393,0.6941288460357428,0.8328420897502027,0.7571849668386146,0.00661293069194528,0.1779984721161192,0.012752100265440713,0.8569582772543741,0.27480836958773563,0.41616230277519967
accel,GRU,9,2,0.7480636758321274,0.7458683830317182,0.7361804214327412,0.6182654109456663,0.8116525491964315,0.7582668873175868,0.7840520191649555,0.7109359716050417,0.8858167635895114,0.7887996527024094,0.7150166282936813,0.5722065266347296,0.6356895924308588
accel,GRU,10,2,0.8323936324167872,0.8408018592525943,0.7961465588906039,0.7394537539727727,0.9039384474746706,0.9391373169766521,0.9212017700489092,0.7302421462168283,0.9828448612739351,0.8379197761194029,0.8882249840662843,0.48728146853146853,0.6293181305034996
accel,GRU,11,3,0.7068133140376266,0.7444814593955574,0.6534698489992026,0.5558125417268006,0.7071537548737075,0.9828881100344594,0.8225275740957545,0.6677442068877224,0.9390979474252791,0.7805087916199027,0.8585464164252424,0.22565053300668741,0.35737318128195045
accel,GRU,12,3,0.8423386396526773,0.8584940725494129,0.8193628198789881,0.7590757569625729,0.8690855411389946,0.9661983185534954,0.9150726020860318,0.7693538164367851,0.9790298421477128,0.8616190637147203,0.9370428600724588,0.5353432789190034,0.6813967938362122
accel,GRU,13,3,0.8115658465991317,0.7988328208351806,0.7663826122275522,0.7017001865160011,0.8941500625047836,0.8827099861478404,0.8883931966236597,0.734670778981919,0.9549450145279341,0.8304493842955382,0.7676776210188392,0.4664544941224783,0.5803052557634587
accel,GRU,14,3,0.8099913169319827,0.7486974468341628,0.7550717096717868,0.6768509483360956,0.9488375191526214,0.8271516512447249,0.8838257955755965,0.678426982522028,0.9640291461412152,0.7963967782958881,0.6188278388278389,0.5546654409350581,0.5849925551438762
accel,GRU,15,3,0.8058697539797395,0.8155221254078618,0.7801866049896772,0.7028428693569072,0.838854795090493,0.9012404313572107,0.8689292929292929,0.7436407349143688,0.9941274502023649,0.8508311683901313,0.8640708462187237,0.4844162496552268,0.6207993536496074
accel,GRU,16,3,0.7785586107091172,0.6920487163878208,0.7010370560631375,0.6161961437436116,0.9521109716744353,0.7841823551125877,0.860025909882191,0.6346218374605731,0.954671647064762,0.7624211396206639,0.48941334002845427,0.4722222222222222,0.48066411868655734
accel,GRU,17,3,0.7541765557163531,0.770290396040849,0.7131836189383017,0.6263870272844292,0.8239072931099635,0.9155935050391937,0.8673340847311543,0.6494760922981332,0.9859795052094499,0.7831091435382258,0.8374878027144504,0.3454192887457925,0.4891076285455252
accel,GRU,18,3,0.7748538350217077,0.7494832977989541,0.707337966133637,0.6043908743519829,0.8350670280565526,0.929130328470128,0.879591049382716,0.5907160779772245,0.9638611132981655,0.7325056095736724,0.822666787363085,0.3694609317830718,0.5099172394445224
accel,LSTM,1,1,0.7616671490593343,0.792312640274511,0.7379001330073799,0.645245481904853,0.8313651003385911,0.94375175775757,0.8840007024938532,0.6383555640765797,0.9738436468474492,0.7711931705380186,0.9072172564083623,0.4034361551854407,0.5585065259902678
accel,LSTM,2,1,0.8183039073806078,0.8217776892908657,0.802702201320785,0.724288741578986,0.8641648549012194,0.894112277498859,0.8788835301469292,0.7755035912944861,0.9458880874748872,0.8522634538629316,0.8256646216768916,0.5736443286762964,0.6769596199524941
accel,LSTM,3,1,0.8175050651230101,0.8095261679126134,0.7929325509224014,0.7187361322087724,0.9004360661953902,0.8862261082824621,0.8932745788215063,0.739152736708708,0.9416490486257928,0.8282029176597867,0.788989700833742,0.5633124699085219,0.6573201562859113
accel,LSTM,4,1,0.8267554269175108,0.8120940267166573,0.790361997892758,0.7262934503251341,0.9085581167238842,0.9141623488773748,0.9113516172672488,0.7371439434745414,0.9221896305692088,0.8193488175526951,0.7905800199515463,0.5381481301838289,0.6403855588583303
accel,LSTM,5,1,0.8265933429811867,0.8159821980944932,0.7943480973825036,0.7271401652411639,0.9369305166709087,0.8770817945724428,0.9060188774442844,0.7013865507636742,0.9724579867594636,0.8149728816573308,0.8096295268488969,0.5599808061420346,0.6620525330458955
accel,LSTM,6,1,0.7916410998552822,0.7867373526548233,0.771752703578569,0.6799685096635223,0.9303716592806068,0.8312887161423539,0.8780437738947476,0.6119239798051259,0.9477065590915882,0.743668907300297,0.8179164188787371,0.6020054912259759,0.693545429540662
accel,LSTM,7,2,0.6723473227206946,0.6976497382679249,0.6677239587704795,0.5186534921627731,0.6032799438453194,0.7666855891655178,0.6752374830369259,0.6460697085952167,0.9117263093226847,0.7562463174992436,0.8435995623632385,0.43233620230452213,0.5716880757752693
accel,LSTM,8,2,0.46393053545586105,0.5297799155316335,0.41185180407077016,0.26206133632560147,0.7269544924154026,0.8224993920022236,0.7717811211266687,0.022762104785150707,0.3952686052242484,0.04304538013579154,0.8396231493943472,0.2806903874880766,0.42072891094985027
accel,LSTM,9,2,0.6813082489146165,0.7000160364453215,0.6754925509012649,0.5308780259823278,0.7869174530580695,0.7616034412892366,0.7740535403136385,0.5389173024789693,0.9342991424003101,0.6835519319390287,0.7742133537989255,0.44962115584608525,0.5688721804511279
accel,LSTM,10,2,0.8336208393632417,0.8362056392812559,0.7954221086877064,0.7398364033697618,0.9241004545339123,0.9235610597908842,0.9238306784286349,0.7182800069682365,0.9880581516095535,0.8318426361802287,0.8662364563416188,0.4957370172798979,0.6305930114542555
accel,LSTM,11,3,0.7494761215629523,0.7618014043737403,0.6812750365525441,0.6075107586632722,0.7861713849805052,0.9745212891702346,0.8702719819851519,0.6750736141339138,0.9481681276691392,0.7886481332610443,0.8241592140068018,0.25108407843739206,0.38490499441143594
accel,LSTM,12,3,0.8312706222865412,0.8457397831712538,0.8075745508736962,0.7425965266166488,0.859270193976122,0.9566633988812641,0.9053550719694385,0.7606615760721939,0.9823050239700667,0.8573907127062426,0.9172875794654454,0.5154017514211092,0.6599778679454076
accel,LSTM,13,3,0.8061476121562953,0.770467399174772,0.7505914590147648,0.6891296449998039,0.9177743194632242,0.8615082501137534,0.8887516367319712,0.7301151636908972,0.9425409117475161,0.8228391026356491,0.6635127143701951,0.45551560143834824,0.5401836376766739
accel,LSTM,14,3,0.7978350217076701,0.7370173571675368,0.740052510400743,0.6594046798099058,0.9263873159682899,0.8331768888178787,0.8773132570659489,0.687888198757764,0.9489389259738966,0.7975966168404305,0.5967765567765567,0.5019100431300062,0.5452476572958501
accel,LSTM,15,3,0.7651287988422576,0.764708446193354,0.7350232317811223,0.6406835403257537,0.8394268774703557,0.8593600255563838,0.8492765061825835,0.6735626725238194,0.9928249551559697,0.8026101718893683,0.781135788585887,0.4282191569700239,0.5531830172714151
accel,LSTM,16,3,0.7790680173661361,0.689770514698854,0.6961224786946324,0.6195545690102874,0.9514835066332019,0.8017182779456193,0.8702041318248893,0.6428092074357425,0.9356288156288156,0.762058197585377,0.47501883002761736,0.43863987635239565,0.4561051066736309
accel,LSTM,17,3,0.7748538350217077,0.7668743270368666,0.724639327536068,0.649300740635846,0.8697065121551832,0.8849101581524107,0.8772424658230421,0.6743299347586635,0.9792469854810926,0.7986753416180233,0.7565865341967533,0.37114882506527413,0.4980001751671386
accel,LSTM,18,3,0.7776555716353112,0.737866061917126,0.7040783602108632,0.6051284043754318,0.8431799868141528,0.9254844415855914,0.8824172033118676,0.6189924724956573,0.8953723738396036,0.7319619982311489,0.7514257264415678,0.3722421524663677,0.4978558790895733
accel,STA-LSTM,1,1,0.8218581765557164,0.766649707754227,0.7649395725345794,0.7133476603584955,0.9170864646130977,0.9001134767102561,0.9085207052182331,0.8249842513215195,0.8528270902347178,0.8386746484755673,0.5578784073280638,0.5377385360296212,0.547623363909938
accel,STA-LSTM,2,1,0.7945817655571635,0.7997189253729818,0.7804999971687995,0.6886919840121603,0.7822730566846268,0.9113835762270107,0.8419071518193224,0.7895717448830805,0.8987551867219917,0.8406330405784186,0.8273119745512384,0.5475393811797435,0.6589597991086578
accel,STA-LSTM,3,1,0.8203068017366136,0.806499150480149,0.793471260411781,0.7216822636465081,0.9122450637848379,0.8804109159347553,0.8960453330140867,0.7478727898135297,0.9345096708517137,0.8308388502472136,0.7593795978420794,0.5735784404519355,0.6535295979740424
accel,STA-LSTM,4,1,0.7843125904486252,0.7616749316338529,0.7440482382375097,0.6543475927067304,0.932000980872977,0.8312446689849747,0.8787440898003538,0.6133202370013624,0.9166982383027088,0.7349317538963874,0.7397035770272196,0.5313779688779688,0.618468871015788
accel,STA-LSTM,5,1,0.8221707670043416,0.817607423007277,0.791417248393611,0.7225851197931482,0.9075846271315856,0.9009120537631692,0.9042360309873084,0.7165988185240734,0.9528693528693528,0.8180150591359341,0.8286388233661718,0.5374370050395968,0.6520006550575905
accel,STA-LSTM,6,1,0.7310217076700434,0.721723844637124,0.7081637089408566,0.5785759555178835,0.9474185041189744,0.701895381392632,0.8063821909566344,0.45795414348651,0.9278733385457388,0.613241468403488,0.7597988863058874,0.6573433115060805,0.704867467462447
accel,STA-LSTM,7,2,0.7136324167872649,0.7290673425215797,0.7033507098988593,0.5728428149402203,0.6081615723310574,0.7742394085868638,0.6812244241525348,0.7423883764590645,0.9024906559057982,0.8146478368614337,0.8366520787746171,0.485169558734892,0.6141798686826094
accel,STA-LSTM,8,2,0.4441331403762663,0.5169993760870507,0.4014473741875566,0.24067328457424528,0.6511085180863477,0.8430008348904703,0.7347320639650722,0.02656524947493898,0.3649122807017544,0.0495251197121617,0.8733243606998654,0.2765569326764069,0.4200849388854361
accel,STA-LSTM,9,2,0.7427149059334298,0.7355922432323997,0.7282190284242164,0.6086092223351809,0.8418950690843505,0.7263330462085638,0.7798562009606492,0.6981638299656242,0.8931993707093822,0.7837299408618175,0.6667178306472243,0.5812739762690695,0.6210709434501823
accel,STA-LSTM,10,2,0.7511664254703329,0.776198762006907,0.7118278331729565,0.6259887199188148,0.8963713465884564,0.9431441701400022,0.9191631189053366,0.530137622669996,0.9780384594782795,0.6875788443072056,0.9020873167622689,0.3739678974833212,0.5287415363063274
accel,STA-LSTM,11,3,0.7804457308248914,0.7645101960237519,0.7015094151042817,0.6471319868249741,0.7990125444990677,0.972130555842013,0.8771109560362875,0.7654589681218794,0.9131729667812142,0.8328167984120904,0.7290590754503086,0.27050521101088937,0.39460049086446686
accel,STA-LSTM,12,3,0.8341534008683068,0.8499044530114009,0.8105777904610264,0.747144030463614,0.865174941082019,0.9633763012948063,0.9116386955928503,0.7565870884012917,0.9827890383032108,0.8549795361527968,0.9279513295508921,0.5183078156618686,0.6651151396374326
accel,STA-LSTM,13,3,0.8316410998552822,0.792455104608316,0.7774362711890127,0.7284174302451445,0.8852973441845039,0.9052513500117393,0.8951631626467174,0.828386293540081,0.9001352847128274,0.8627716790687394,0.6636816761003632,0.5062508055161747,0.574373971851581
accel,STA-LSTM,14,3,0.7985180897250361,0.7536809861613869,0.748842260545311,0.6654994094254267,0.9009171052339395,0.8492631667085322,0.8743278918161737,0.7004188935432616,0.9437983553111771,0.8040959310158987,0.6597069597069597,0.4988366939951252,0.568102958803861
accel,STA-LSTM,15,3,0.7367525325615051,0.7321284846087068,0.7057746410607777,0.599648521691549,0.814879342625338,0.8452782348339762,0.829800473990123,0.6496393695645721,0.9957235794549838,0.7862839488432246,0.7318667416362102,0.38113539035906446,0.5012395003489856
accel,STA-LSTM,16,3,0.7704428364688857,0.6653295594495162,0.676279554899069,0.5998680162451862,0.9552034779490857,0.7855260490573688,0.8620951186708061,0.6433460841554258,0.9120445247835601,0.7544860695734299,0.39743911624403716,0.4282236248872858,0.41225747645297106
accel,STA-LSTM,17,3,0.7693082489146165,0.7856379215268227,0.7296443871408486,0.6481384397589512,0.7919637233908553,0.9306118824191113,0.8557079862812347,0.7197446832547236,0.9679796406730733,0.8256066349175495,0.8452053579348887,0.36273651349602165,0.5076185402237613
accel,STA-LSTM,18,3,0.7521620839363242,0.7356853730805212,0.6913294812238271,0.5750508034252895,0.7910043220276903,0.9334975901791697,0.8563639427795346,0.6337579617834395,0.9082359449553973,0.746568139832315,0.7822938354304336,0.33698576720608303,0.4710563610596315
