animal,trial,behaviour,gap_criterion_s,n_bouts_per_day,median_bout_min,mean_bout_min
1,1,Ruminating,0,196,0.5833333333333333,3.1046768707482992
1,1,Ruminating,60,123,1.0,5.187127371273713
1,1,Ruminating,300,39,11.333333333333334,20.644871794871793
1,1,Ruminating,600,21,35.81666666666667,44.82301587301588
1,1,Eating,0,210,0.6666666666666666,1.0763492063492064
1,1,Eating,60,95,1.8333333333333333,2.8966666666666674
1,1,Eating,300,33,2.6666666666666665,11.333838383838383
1,1,Eating,600,23,4.166666666666667,19.31739130434783
2,1,Ruminating,0,198,0.6666666666666666,3.1187710437710443
2,1,Ruminating,60,111,1.3333333333333333,5.902552552552554
2,1,Ruminating,300,45,10.65,18.15851851851852
2,1,Ruminating,600,23,35.166666666666664,42.08333333333333
2,1,Eating,0,226,0.5,1.298230088495575
2,1,Eating,60,127,1.0,2.6526246719160103
2,1,Eating,300,43,1.5,11.329457364341085
2,1,Eating,600,34,5.916666666666666,16.312745098039215
3,1,Ruminating,0,227,0.6666666666666666,2.4333333333333336
3,1,Ruminating,60,116,1.0,5.116522988505747
3,1,Ruminating,300,44,8.816666666666666,17.01136363636364
3,1,Ruminating,600,17,41.333333333333336,55.38039215686274
3,1,Eating,0,233,0.5,1.1685979971387694
3,1,Eating,60,141,0.8333333333333334,2.2336879432624115
3,1,Eating,300,46,0.75,10.958333333333332
3,1,Eating,600,24,14.758333333333333,27.550694444444446
4,1,Ruminating,0,219,0.6666666666666666,2.4019025875190256
4,1,Ruminating,60,101,1.3333333333333333,5.63019801980198
4,1,Ruminating,300,41,9.333333333333334,16.808536585365857
4,1,Ruminating,600,24,29.5,33.90069444444445
4,1,Eating,0,242,0.5,0.9665289256198347
4,1,Eating,60,118,0.8333333333333334,2.4426553672316387
4,1,Eating,300,39,0.8333333333333334,11.313247863247865
4,1,Eating,600,28,8.25,18.58452380952381
5,1,Ruminating,0,201,0.5,2.709121061359867
5,1,Ruminating,60,121,1.0,4.796418732782368
5,1,Ruminating,300,38,11.075,20.086842105263162
5,1,Ruminating,600,23,25.816666666666666,37.81739130434782
5,1,Eating,0,225,0.5,1.0694814814814815
5,1,Eating,60,111,1.0,2.5792792792792794
5,1,Eating,300,32,3.083333333333333,13.466145833333332
5,1,Eating,600,27,4.0,17.32345679012346
6,1,Ruminating,0,240,0.6666666666666666,2.1600694444444444
6,1,Ruminating,60,129,1.0,4.381782945736434
6,1,Ruminating,300,49,9.5,14.793197278911565
6,1,Ruminating,600,26,29.4,34.160256410256416
6,1,Eating,0,261,0.5,1.181162196679438
6,1,Eating,60,143,1.0,2.5159673659673656
6,1,Eating,300,46,0.8333333333333334,11.421014492753624
6,1,Eating,600,36,3.5,16.63009259259259
7,2,Ruminating,0,212,0.6666666666666666,2.88938679245283
7,2,Ruminating,60,119,1.0,5.448179271708683
7,2,Ruminating,300,42,9.416666666666668,20.15793650793651
7,2,Ruminating,600,27,28.0,35.5358024691358
7,2,Eating,0,241,0.5,1.265905947441217
7,2,Eating,60,125,1.0,2.844666666666667
7,2,Eating,300,45,2.5,11.108518518518519
7,2,Eating,600,32,5.166666666666667,18.57447916666667
8,2,Ruminating,0,318,0.8333333333333334,1.8466457023060796
8,2,Ruminating,60,150,0.8333333333333334,4.299333333333334
8,2,Ruminating,300,52,6.075,16.36923076923077
8,2,Ruminating,600,25,41.5,41.220666666666666
8,2,Eating,0,346,0.5,0.8947495183044317
8,2,Eating,60,204,0.6666666666666666,1.8377450980392158
8,2,Eating,300,60,4.25,11.136111111111111
8,2,Eating,600,27,21.983333333333334,33.022839506172836
9,2,Ruminating,0,261,0.6666666666666666,2.285823754789272
9,2,Ruminating,60,140,1.1666666666666667,4.611190476190477
9,2,Ruminating,300,40,19.325,21.94625
9,2,Ruminating,600,22,35.575,45.47651515151515
9,2,Eating,0,295,0.5,1.1048022598870058
9,2,Eating,60,156,1.0,2.4618589743589743
9,2,Eating,300,47,1.8333333333333333,12.524468085106383
9,2,Eating,600,27,7.5,27.23765432098766
10,2,Ruminating,0,163,0.8166666666666667,3.5216768916155425
10,2,Ruminating,60,92,1.1666666666666667,6.560144927536231
10,2,Ruminating,300,37,17.0,19.58063063063063
10,2,Ruminating,600,23,28.65,35.947826086956525
10,2,Eating,0,187,0.5,1.120944741532977
10,2,Eating,60,109,0.6666666666666666,2.2562691131498473
10,2,Eating,300,36,1.25,10.849074074074075
10,2,Eating,600,26,2.0,17.834615384615383
11,3,Ruminating,0,194,0.6666666666666666,2.684192439862543
11,3,Ruminating,60,94,1.8333333333333333,5.9615248226950355
11,3,Ruminating,300,44,10.5,15.001136363636364
11,3,Ruminating,600,24,30.75,33.51458333333333
11,3,Eating,0,222,0.41666666666666663,0.5960210210210211
11,3,Eating,60,128,0.8333333333333334,1.3501302083333333
11,3,Eating,300,45,5.666666666666667,7.205555555555554
11,3,Eating,600,25,9.166666666666666,18.902666666666665
12,3,Ruminating,0,212,0.5,2.604795597484277
12,3,Ruminating,60,139,0.85,4.1934052757793765
12,3,Ruminating,300,34,18.333333333333336,24.112745098039213
12,3,Ruminating,600,19,41.333333333333336,48.437719298245625
12,3,Eating,0,227,0.5,1.0740822320117474
12,3,Eating,60,115,1.3333333333333333,2.4908695652173916
12,3,Eating,300,26,2.25,17.80448717948718
12,3,Eating,600,21,6.0,23.638095238095236
13,3,Ruminating,0,173,0.6666666666666666,3.4047206165703274
13,3,Ruminating,60,111,1.0,5.528678678678678
13,3,Ruminating,300,41,9.666666666666666,18.727235772357723
13,3,Ruminating,600,24,31.075000000000003,36.99722222222222
13,3,Eating,0,191,0.5,1.0328970331588132
13,3,Eating,60,109,1.0,2.127675840978594
13,3,Eating,300,34,3.5,10.63921568627451
13,3,Eating,600,26,5.916666666666666,15.982692307692307
14,3,Ruminating,0,156,0.5,2.9585470085470083
14,3,Ruminating,60,114,0.8333333333333334,4.228362573099415
14,3,Ruminating,300,51,6.0,12.608496732026145
14,3,Ruminating,600,27,24.0,30.53765432098766
14,3,Eating,0,184,0.6666666666666666,1.236413043478261
14,3,Eating,60,119,0.8333333333333334,2.126050420168067
14,3,Eating,300,55,1.0,7.107878787878789
14,3,Eating,600,32,9.916666666666668,17.7984375
15,3,Ruminating,0,214,0.5,2.6239096573208722
15,3,Ruminating,60,121,1.1666666666666667,5.005509641873278
15,3,Ruminating,300,38,12.325,21.20964912280702
15,3,Ruminating,600,23,42.81666666666667,39.48333333333334
15,3,Eating,0,241,0.5,0.9839557399723374
15,3,Eating,60,110,1.4166666666666665,2.6719696969696973
15,3,Eating,300,37,3.3333333333333335,11.984234234234233
15,3,Eating,600,25,5.833333333333333,21.116
16,3,Ruminating,0,209,0.6666666666666666,2.3765550239234448
16,3,Ruminating,60,135,0.8333333333333334,3.896543209876543
16,3,Ruminating,300,53,7.333333333333333,13.22672955974843
16,3,Ruminating,600,29,13.333333333333334,30.13103448275862
16,3,Eating,0,228,0.5,0.8734649122807019
16,3,Eating,60,150,0.8333333333333334,1.552
16,3,Eating,300,68,1.1666666666666667,5.863970588235296
16,3,Eating,600,38,8.666666666666668,16.101315789473684
17,3,Ruminating,0,194,0.5,3.0418384879725084
17,3,Ruminating,60,128,1.0,4.862760416666667
17,3,Ruminating,300,37,12.316666666666666,22.76621621621622
17,3,Ruminating,600,20,40.08333333333333,47.94916666666666
17,3,Eating,0,245,0.5,0.7668707482993197
17,3,Eating,60,127,1.1666666666666667,1.8455380577427818
17,3,Eating,300,46,1.25,8.70398550724638
17,3,Eating,600,33,4.316666666666666,14.622727272727275
18,3,Ruminating,0,199,0.5,1.735678391959799
18,3,Ruminating,60,121,0.8333333333333334,3.149173553719008
18,3,Ruminating,300,53,8.333333333333334,10.14496855345912
18,3,Ruminating,600,28,19.5,25.624404761904767
18,3,Eating,0,218,0.5,0.844571865443425
18,3,Eating,60,116,1.1666666666666667,1.9347701149425285
18,3,Eating,300,52,3.75,7.136217948717948
18,3,Eating,600,32,5.833333333333333,15.855208333333334
