animal,protocol,fold,test_Other,test_Ruminating,test_Eating,train_Other,train_Ruminating,train_Eating,max_abs_test_dev_pp,max_abs_train_dev_pp
1,A,0,0.42054992764109983,0.4226917510853835,0.15675832127351663,0.4205788712011577,0.42270622286541243,0.15671490593342982,0.0034732272069459835,0.0008683068017351081
1,A,1,0.42054992764109983,0.4226917510853835,0.15675832127351663,0.4205788712011577,0.42270622286541243,0.15671490593342982,0.0034732272069459835,0.0008683068017351081
1,A,2,0.4206078147612156,0.4226917510853835,0.15670043415340087,0.4205643994211288,0.42270622286541243,0.15672937771345877,0.0034732272069459835,0.0008683068017378837
1,A,3,0.4206078147612156,0.4226917510853835,0.15670043415340087,0.4205643994211288,0.42270622286541243,0.15672937771345877,0.0034732272069459835,0.0008683068017378837
1,A,4,0.42054992764109983,0.42274963820549927,0.15670043415340087,0.4205788712011577,0.4226917510853835,0.15672937771345877,0.004630969609259461,0.0011577424023190286
1,B,0,0.3790448625180897,0.48897250361794503,0.13198263386396528,0.4309551374819103,0.40613603473227206,0.16290882778581767,6.626917510853836,1.6567293777134617
1,B,1,0.32393632416787266,0.38205499276411,0.29400868306801736,0.44473227206946453,0.43286541244573085,0.12240231548480462,13.728509406657018,3.4321273516642545
1,B,2,0.6147612156295225,0.36729377713458755,0.017945007235890015,0.3720260492040521,0.4365557163531114,0.19141823444283648,19.41881331403763,4.854703328509408
1,B,3,0.4031837916063676,0.5163531114327062,0.0804630969609262,0.4249204052098408,0.39929088277858177,0.17578871201157742,9.364978292329956,2.3412445730824905
1,B,4,0.3819392185238784,0.3588422575976845,0.259218523878437,0.4302315484804631,0.43866859623733717,0.13109985528219972,10.249493487698984,2.562373371924745
2,A,0,0.3674095513748191,0.4287698986975398,0.2038205499276411,0.367438494934877,0.42875542691751084,0.20380607814761215,0.002315484804626955,0.0005788712011622899
2,A,1,0.3674095513748191,0.4287698986975398,0.2038205499276411,0.367438494934877,0.42875542691751084,0.20380607814761215,0.002315484804626955,0.0005788712011622899
2,A,2,0.3674095513748191,0.4287698986975398,0.2038205499276411,0.367438494934877,0.42875542691751084,0.20380607814761215,0.002315484804626955,0.0005788712011622899
2,A,3,0.36746743849493485,0.4287698986975398,0.20376266280752534,0.36742402315484807,0.42875542691751084,0.2038205499276411,0.0046309696092622366,0.0011577424023134775
2,A,4,0.36746743849493485,0.428712011577424,0.2038205499276411,0.36742402315484807,0.4287698986975398,0.20380607814761215,0.004630969609265012,0.0011577424023134775
2,B,0,0.37678726483357455,0.4339797395079595,0.189232995658466,0.3650940665701881,0.42745296671490596,0.20745296671490593,1.4575976845151968,0.3643994211287971
2,B,1,0.23560057887120114,0.4971345875542692,0.2672648335745297,0.40039073806078146,0.4116642547033285,0.18794500723589003,13.183212735166425,3.295803183791607
2,B,2,0.47484804630969607,0.4383212735166426,0.08683068017366136,0.34057887120115776,0.42636758321273516,0.23305354558610708,11.69782923299566,2.924457308248912
2,B,3,0.44150506512301013,0.4786685962373372,0.07982633863965267,0.34891461649782923,0.4162807525325615,0.23480463096960927,12.398263386396529,3.099565846599131
2,B,4,0.30842257597684514,0.29568740955137485,0.39589001447178,0.3821852387843705,0.4620260492040521,0.15578871201157743,19.208104196816205,4.802026049204053
3,A,0,0.427438494934877,0.3836758321273517,0.18888567293777134,0.42745296671490596,0.38370477568740957,0.18884225759768453,0.0034732272069459835,0.0008683068017351081
3,A,1,0.427438494934877,0.3836758321273517,0.18888567293777134,0.42745296671490596,0.38370477568740957,0.18884225759768453,0.0034732272069459835,0.0008683068017351081
3,A,2,0.427438494934877,0.38373371924746746,0.18882778581765558,0.42745296671490596,0.3836903039073806,0.18885672937771347,0.0034732272069515346,0.0008683068017323325
3,A,3,0.427438494934877,0.38373371924746746,0.18882778581765558,0.42745296671490596,0.3836903039073806,0.18885672937771347,0.0034732272069515346,0.0008683068017323325
3,A,4,0.42749638205499274,0.3836758321273517,0.18882778581765558,0.427438494934877,0.38370477568740957,0.18885672937771347,0.004630969609259461,0.0011577424023134775
3,B,0,0.3590738060781476,0.415397973950796,0.22552821997105643,0.4445441389290883,0.3757742402315485,0.17968162083936323,6.837626628075255,1.7094066570188138
3,B,1,0.4593342981186686,0.3229522431259045,0.21771345875542691,0.41947901591895803,0.39888567293777133,0.1816353111432706,6.074674384949347,1.518668596237338
3,B,2,0.5763820549927641,0.3941534008683068,0.02946454413892909,0.39021707670043415,0.38108538350217075,0.22869753979739507,15.938639652677278,3.9846599131693194
3,B,3,0.4276700434153401,0.35426917510853834,0.21806078147612157,0.4273950795947902,0.39105643994211287,0.18154848046309696,2.9429811866859614,0.7357452966714917
3,B,4,0.3147901591895803,0.43172214182344426,0.2534876989869754,0.4556150506512301,0.37169319826338637,0.1726917510853835,11.265991316931984,2.8164978292329943
4,A,0,0.4721273516642547,0.36544138929088277,0.16243125904486252,0.4721273516642547,0.365383502170767,0.16248914616497828,0.0046309696092622366,0.0011577424023190286
4,A,1,0.4721273516642547,0.365383502170767,0.16248914616497828,0.4721273516642547,0.36539797395079593,0.16247467438494934,0.0011577424023190286,0.0002894356005811449
4,A,2,0.4721273516642547,0.365383502170767,0.16248914616497828,0.4721273516642547,0.36539797395079593,0.16247467438494934,0.0011577424023190286,0.0002894356005811449
4,A,3,0.4721273516642547,0.365383502170767,0.16248914616497828,0.4721273516642547,0.36539797395079593,0.16247467438494934,0.0011577424023190286,0.0002894356005811449
4,A,4,0.4721273516642547,0.365383502170767,0.16248914616497828,0.4721273516642547,0.36539797395079593,0.16247467438494934,0.0011577424023190286,0.0002894356005811449
4,B,0,0.4242547033285094,0.40972503617945005,0.16602026049204052,0.48409551374819104,0.3543125904486252,0.16159189580318378,4.787264833574528,1.1968162083936362
4,B,1,0.4207235890014472,0.38772793053545584,0.19154848046309697,0.4849782923299566,0.35981186685962374,0.1552098408104197,5.140376266280749,1.2850940665701915
4,B,2,0.664891461649783,0.32410998552821996,0.010998552821997106,0.42393632416787264,0.3757163531114327,0.20034732272069464,19.27641099855283,4.819102749638205
4,B,3,0.37973950795947903,0.37337192474674386,0.24688856729377714,0.49522431259044863,0.36340086830680174,0.14137481910274963,9.238784370477566,2.3096960926193955
4,B,4,0.471027496382055,0.33204052098408104,0.19693198263386397,0.47240231548480466,0.37373371924746746,0.15386396526772794,3.445441389290882,0.8613603473227205
5,A,0,0.454876989869754,0.3782344428364689,0.16688856729377713,0.454876989869754,0.37824891461649784,0.16687409551374818,0.001157742402316253,0.0002894356005811449
5,A,1,0.454876989869754,0.3782344428364689,0.16688856729377713,0.454876989869754,0.37824891461649784,0.16687409551374818,0.001157742402316253,0.0002894356005811449
5,A,2,0.454876989869754,0.3782344428364689,0.16688856729377713,0.454876989869754,0.37824891461649784,0.16687409551374818,0.001157742402316253,0.0002894356005811449
5,A,3,0.454876989869754,0.3782344428364689,0.16688856729377713,0.454876989869754,0.37824891461649784,0.16687409551374818,0.001157742402316253,0.0002894356005811449
5,A,4,0.454876989869754,0.3782923299565847,0.16683068017366137,0.454876989869754,0.3782344428364689,0.16688856729377713,0.004630969609265012,0.001157742402316253
5,B,0,0.47247467438494933,0.3663096960926194,0.16121562952243126,0.4504775687409551,0.3812301013024602,0.16829232995658466,1.7597684515195333,0.4399421128798875
5,B,1,0.471027496382055,0.29400868306801736,0.23496382054992765,0.4508393632416787,0.3993053545586107,0.14985528219971056,8.423733719247467,2.105933429811868
5,B,2,0.49586107091172216,0.474616497829233,0.029522431259044864,0.44463096960926196,0.3541534008683068,0.20121562952243127,13.73545586107091,3.4338639652677303
5,B,3,0.38998552821997107,0.37788712011577424,0.23212735166425472,0.4710998552821997,0.37833574529667147,0.1505643994211288,6.525036179450075,1.6312590448625182
5,B,4,0.44503617945007234,0.3784081041968162,0.17655571635311143,0.45733719247467436,0.378205499276411,0.1644573082489146,0.9840810419681656,0.24602026049203585
6,A,0,0.4258176555716353,0.36005788712011577,0.21412445730824892,0.42583212735166426,0.36001447178002893,0.2141534008683068,0.0034732272069459835,0.0008683068017378837
6,A,1,0.4258176555716353,0.36005788712011577,0.21412445730824892,0.42583212735166426,0.36001447178002893,0.2141534008683068,0.0034732272069459835,0.0008683068017378837
6,A,2,0.4258176555716353,0.36,0.2141823444283647,0.42583212735166426,0.3600289435600579,0.21413892908827786,0.003473227206948759,0.0008683068017351081
6,A,3,0.4258176555716353,0.36,0.2141823444283647,0.42583212735166426,0.3600289435600579,0.21413892908827786,0.003473227206948759,0.0008683068017351081
6,A,4,0.4258755426917511,0.36,0.21412445730824892,0.4258176555716353,0.3600289435600579,0.2141534008683068,0.004630969609265012,0.0011577424023134775
6,B,0,0.3651519536903039,0.41794500723589,0.21690303907380606,0.4409985528219971,0.3455426917510854,0.2134587554269175,6.067727930535455,1.5169319826338679
6,B,1,0.34413892908827787,0.33794500723589,0.31791606367583214,0.4462518089725036,0.3655426917510854,0.188205499276411,10.376845151953692,2.594211287988421
6,B,2,0.5685672937771346,0.39380607814761215,0.03762662807525326,0.3901447178002894,0.35157742402315484,0.25827785817655574,17.652098408104195,4.413024602026053
6,B,3,0.3912590448625181,0.3492908827785818,0.25945007235890016,0.43447178002894354,0.36270622286541243,0.202821997105644,4.530246020260495,1.1325615050651217
6,B,4,0.4600289435600579,0.3011287988422576,0.23884225759768452,0.4172793053545586,0.37474674384949347,0.2079739507959479,5.889435600578874,1.4723589001447157
7,A,0,0.36289435600578873,0.42547033285094066,0.2116353111432706,0.3628509406657019,0.4255137481910275,0.2116353111432706,0.0034732272069459835,0.0008683068017378837
7,A,1,0.36289435600578873,0.42547033285094066,0.2116353111432706,0.3628509406657019,0.4255137481910275,0.2116353111432706,0.0034732272069459835,0.0008683068017378837
7,A,2,0.36283646888567295,0.42552821997105644,0.2116353111432706,0.36286541244573084,0.42549927641099855,0.2116353111432706,0.002315484804632506,0.0005788712011567387
7,A,3,0.36283646888567295,0.42552821997105644,0.2116353111432706,0.36286541244573084,0.42549927641099855,0.2116353111432706,0.002315484804632506,0.0005788712011567387
7,A,4,0.36283646888567295,0.42552821997105644,0.2116353111432706,0.36286541244573084,0.42549927641099855,0.2116353111432706,0.002315484804632506,0.0005788712011567387
7,B,0,0.39114327062228654,0.33539797395079596,0.2734587554269175,0.3557887120115774,0.44803183791606366,0.1961794500723589,9.010709117221417,2.252677279305354
7,B,1,0.27918958031837915,0.41933429811866857,0.3014761215629522,0.38377713458755425,0.4270477568740955,0.1891751085383502,8.984081041968162,2.2460202604920405
7,B,2,0.4268017366136035,0.40075253256150506,0.17244573082489145,0.3468740955137482,0.4316931982633864,0.2214327062228654,6.394211287988422,1.5985528219971068
7,B,3,0.3924746743849494,0.5554269175108538,0.05209840810419682,0.3554558610709117,0.3930246020260492,0.2515195369030391,15.953690303907381,3.9884225759768466
7,B,4,0.3246888567293777,0.41661360347322723,0.25869753979739507,0.3724023154848046,0.4277279305354559,0.1998697539797395,4.706222865412446,1.1765557163531115
8,A,0,0.3770767004341534,0.40787264833574527,0.2150506512301013,0.37701881331403764,0.40793053545586105,0.2150506512301013,0.004630969609265012,0.0011577424023134775
8,A,1,0.37701881331403764,0.40793053545586105,0.2150506512301013,0.3770332850940666,0.4079160636758321,0.2150506512301013,0.0011577424023134775,0.0002894356005811449
8,A,2,0.37701881331403764,0.40793053545586105,0.2150506512301013,0.3770332850940666,0.4079160636758321,0.2150506512301013,0.0011577424023134775,0.0002894356005811449
8,A,3,0.37701881331403764,0.40793053545586105,0.2150506512301013,0.3770332850940666,0.4079160636758321,0.2150506512301013,0.0011577424023134775,0.0002894356005811449
8,A,4,0.37701881331403764,0.40793053545586105,0.2150506512301013,0.3770332850940666,0.4079160636758321,0.2150506512301013,0.0011577424023134775,0.0002894356005811449
8,B,0,0.44225759768451517,0.27646888567293776,0.281273516642547,0.3607235890014472,0.44078147612156293,0.19849493487698988,13.145007235890017,3.2862518089725015
8,B,1,0.3137481910274964,0.4214761215629522,0.2647756874095514,0.39285094066570186,0.40452966714905936,0.20261939218523878,6.328219971056437,1.5820549927641092
8,B,2,0.36636758321273516,0.4336903039073806,0.19994211287988423,0.3796960926193922,0.40147612156295226,0.21882778581765558,2.5771345875542693,0.644283646888566
8,B,3,0.41204052098408106,0.48897250361794503,0.09898697539797395,0.36827785817655573,0.38765557163531117,0.24406657018813313,11.606367583212736,2.901591895803182
8,B,4,0.3507380607814761,0.41898697539797397,0.23027496382054993,0.38360347322720695,0.40515195369030393,0.21124457308248915,2.629232995658465,0.6573082489146176
9,A,0,0.35942112879884225,0.4142981186685962,0.2262807525325615,0.35947901591895803,0.41424023154848044,0.2262807525325615,0.004630969609265012,0.0011577424023190286
9,A,1,0.35947901591895803,0.41424023154848044,0.2262807525325615,0.3594645441389291,0.4142547033285094,0.2262807525325615,0.0011577424023190286,0.0002894356005811449
9,A,2,0.35947901591895803,0.41424023154848044,0.2262807525325615,0.3594645441389291,0.4142547033285094,0.2262807525325615,0.0011577424023190286,0.0002894356005811449
9,A,3,0.35947901591895803,0.41424023154848044,0.2262807525325615,0.3594645441389291,0.4142547033285094,0.2262807525325615,0.0011577424023190286,0.0002894356005811449
9,A,4,0.35947901591895803,0.41424023154848044,0.2262807525325615,0.3594645441389291,0.4142547033285094,0.2262807525325615,0.0011577424023190286,0.0002894356005811449
9,B,0,0.40162083936324167,0.3315774240231548,0.26680173661360346,0.3489290882778582,0.4349204052098408,0.216150506512301,8.267438494934881,2.066859623733719
9,B,1,0.29232995658465993,0.4172503617945007,0.29041968162083936,0.3762518089725036,0.41350217076700435,0.21024602026049205,6.713748191027497,1.67843704775687
9,B,2,0.4599710564399421,0.42824891461649783,0.11178002894356005,0.33434153400868305,0.41075253256150507,0.2549059334298119,11.450072358900144,2.8625180897250386
9,B,3,0.38998552821997107,0.5862807525325615,0.02373371924746744,0.3518379160636758,0.37124457308248915,0.27691751085383504,20.254703328509404,5.063675832127354
9,B,4,0.25342981186685964,0.3079015918958032,0.43866859623733717,0.3859768451519537,0.4408393632416787,0.17318379160636757,21.238784370477568,5.309696092619393
10,A,0,0.4559189580318379,0.398726483357453,0.14535455861070912,0.45593342981186685,0.39875542691751087,0.14531114327062228,0.0034732272069459835,0.0008683068017378837
10,A,1,0.4559189580318379,0.398726483357453,0.14535455861070912,0.45593342981186685,0.39875542691751087,0.14531114327062228,0.0034732272069459835,0.0008683068017378837
10,A,2,0.4559189580318379,0.39878437047756876,0.14529667149059333,0.45593342981186685,0.3987409551374819,0.14532561505065122,0.0034732272069459835,0.0008683068017378837
10,A,3,0.4559189580318379,0.39878437047756876,0.14529667149059333,0.45593342981186685,0.3987409551374819,0.14532561505065122,0.0034732272069459835,0.0008683068017378837
10,A,4,0.4559768451519537,0.398726483357453,0.14529667149059333,0.4559189580318379,0.39875542691751087,0.14532561505065122,0.004630969609259461,0.0011577424023190286
10,B,0,0.45024602026049204,0.3643415340086831,0.18541244573082488,0.4573516642547033,0.4073516642547033,0.13529667149059335,4.009261939218522,1.0023154848046305
10,B,1,0.4208393632416787,0.40329956584659915,0.17586107091172215,0.46470332850940665,0.39761215629522434,0.13768451519536903,3.50911722141824,0.8772793053545558
10,B,2,0.4273806078147612,0.4487988422575977,0.1238205499276411,0.463068017366136,0.38623733719247466,0.1506946454413893,5.004920405209839,1.251230101302464
10,B,3,0.5491172214182345,0.4346743849493488,0.016208393632416787,0.4326338639652677,0.38976845151953693,0.17759768451519536,12.911143270622288,3.2277858176555707
10,B,4,0.4320694645441389,0.34263386396526774,0.22529667149059335,0.4618958031837916,0.41277858176555715,0.12532561505065123,7.997684515195369,1.9994211287988422
11,A,0,0.546396526772793,0.36167872648335747,0.0919247467438495,0.5463531114327063,0.3617366136034732,0.09191027496382055,0.004630969609259461,0.0011577424023134775
11,A,1,0.546396526772793,0.3617366136034732,0.09186685962373371,0.5463531114327063,0.3617221418234443,0.0919247467438495,0.0046309696092622366,0.001157742402316253
11,A,2,0.5463386396526773,0.3617366136034732,0.0919247467438495,0.5463675832127352,0.3617221418234443,0.09191027496382055,0.002315484804638057,0.0005788712011511876
11,A,3,0.5463386396526773,0.3617366136034732,0.0919247467438495,0.5463675832127352,0.3617221418234443,0.09191027496382055,0.002315484804638057,0.0005788712011511876
11,A,4,0.5463386396526773,0.3617366136034732,0.0919247467438495,0.5463675832127352,0.3617221418234443,0.09191027496382055,0.002315484804638057,0.0005788712011511876
11,B,0,0.4443415340086831,0.4578292329956585,0.09782923299565846,0.5718668596237337,0.33769898697539796,0.0904341534008683,10.202026049204054,2.5505065123010096
11,B,1,0.6169030390738061,0.2696382054992764,0.11345875542691751,0.528726483357453,0.3847467438494935,0.08652677279305354,9.208683068017365,2.302170767004341
11,B,2,0.5513169319826339,0.41568740955137484,0.03299565846599132,0.545123010130246,0.34823444283646887,0.10664254703328509,5.891751085383501,1.4729377713458751
11,B,3,0.5370188133140377,0.436410998552822,0.026570188133140375,0.5486975397973951,0.34305354558610707,0.10824891461649783,7.468596237337194,1.8671490593342999
11,B,4,0.5822286541244573,0.22905933429811867,0.188712011577424,0.5373950795947902,0.39489146164978295,0.06771345875542692,13.266570188133139,3.3166425470332883
12,A,0,0.4470622286541245,0.3835600578871201,0.16937771345875544,0.4470332850940666,0.38360347322720695,0.1693632416787265,0.0034732272069459835,0.0008683068017378837
12,A,1,0.4470622286541245,0.3835600578871201,0.16937771345875544,0.4470332850940666,0.38360347322720695,0.1693632416787265,0.0034732272069459835,0.0008683068017378837
12,A,2,0.4470622286541245,0.3836179450072359,0.16931982633863965,0.4470332850940666,0.383589001447178,0.16937771345875544,0.0046309696092622366,0.001157742402316253
12,A,3,0.4470043415340087,0.3836179450072359,0.16937771345875544,0.44704775687409554,0.383589001447178,0.1693632416787265,0.0034732272069459835,0.0008683068017378837
12,A,4,0.4470043415340087,0.3836179450072359,0.16937771345875544,0.44704775687409554,0.383589001447178,0.1693632416787265,0.0034732272069459835,0.0008683068017378837
12,B,0,0.5378871201157742,0.18402315484804632,0.27808972503617946,0.42432706222865413,0.4334876989869754,0.14218523878437048,19.957163531114325,4.989290882778585
12,B,1,0.4261070911722142,0.35942112879884225,0.21447178002894357,0.4522720694645441,0.3896382054992764,0.15808972503617946,4.5105643994211295,1.127641099855281
12,B,2,0.4506512301013025,0.5302460202604921,0.019102749638205498,0.4461360347322721,0.346931982633864,0.20693198263386398,15.026338639652678,3.7565846599131705
12,B,3,0.3854703328509407,0.5705354558610709,0.04399421128798842,0.46243125904486254,0.33685962373371925,0.20070911722141824,18.694066570188134,4.673516642547032
12,B,4,0.4350795947901592,0.27374819102749637,0.2911722141823444,0.4500289435600579,0.4110564399421129,0.13891461649782924,12.180607814761213,3.0451519536903033
13,A,0,0.45383502170767004,0.4091461649782923,0.13701881331403762,0.4537916063675832,0.40916063675832126,0.1370477568740955,0.0034732272069459835,0.0008683068017378837
13,A,1,0.45383502170767004,0.4091461649782923,0.13701881331403762,0.4537916063675832,0.40916063675832126,0.1370477568740955,0.0034732272069459835,0.0008683068017378837
13,A,2,0.45377713458755425,0.4091461649782923,0.1370767004341534,0.45380607814761215,0.40916063675832126,0.13703328509406656,0.0034732272069459835,0.0008683068017378837
13,A,3,0.45377713458755425,0.4091461649782923,0.1370767004341534,0.45380607814761215,0.40916063675832126,0.13703328509406656,0.0034732272069459835,0.0008683068017378837
13,A,4,0.45377713458755425,0.4092040520984081,0.13701881331403762,0.45380607814761215,0.4091461649782923,0.1370477568740955,0.004630969609259461,0.0011577424023190286
13,B,0,0.47918958031837916,0.3668885672937771,0.1539218523878437,0.4474529667149059,0.41972503617945006,0.132821997105644,4.2269175108538395,1.0567293777134557
13,B,1,0.4429522431259045,0.3943849493487699,0.1626628075253256,0.4565123010130246,0.4128509406657019,0.13063675832127353,2.5620839363241665,0.6405209840810416
13,B,2,0.3095803183791606,0.6128509406657019,0.07756874095513748,0.4898552821997106,0.3582344428364689,0.15191027496382056,20.36931982633864,5.0923299565846625
13,B,3,0.5753400868306802,0.39629522431259046,0.028364688856729377,0.4234153400868307,0.41237337192474677,0.16421128798842258,12.153979739507959,3.0384949348769896
13,B,4,0.4619392185238784,0.27536903039073807,0.2626917510853835,0.4517655571635311,0.4426049204052098,0.10562952243125905,13.378871201157743,3.3447178002894318
14,A,0,0.5213892908827786,0.32057887120115774,0.15803183791606368,0.5213603473227207,0.32060781476121564,0.15803183791606368,0.002315484804638057,0.0005788712011567387
14,A,1,0.5213892908827786,0.32057887120115774,0.15803183791606368,0.5213603473227207,0.32060781476121564,0.15803183791606368,0.002315484804638057,0.0005788712011567387
14,A,2,0.5213892908827786,0.32057887120115774,0.15803183791606368,0.5213603473227207,0.32060781476121564,0.15803183791606368,0.002315484804638057,0.0005788712011567387
14,A,3,0.5213314037626628,0.32063675832127353,0.15803183791606368,0.5213748191027496,0.3205933429811867,0.15803183791606368,0.0034732272069459835,0.0008683068017378837
14,A,4,0.5213314037626628,0.32063675832127353,0.15803183791606368,0.5213748191027496,0.3205933429811867,0.15803183791606368,0.0034732272069459835,0.0008683068017378837
14,B,0,0.4270332850940666,0.25516642547033286,0.31780028943560057,0.5449493487698986,0.3369609261939219,0.11808972503617945,15.97684515195369,3.9942112879884224
14,B,1,0.47137481910274964,0.3177424023154848,0.21088277858176555,0.533863965267728,0.3213169319826339,0.14481910274963822,5.285094066570187,1.321273516642546
14,B,2,0.5394500723589002,0.3941534008683068,0.06639652677279305,0.5168451519536903,0.3022141823444284,0.18094066570188133,9.163531114327062,2.290882778581765
14,B,3,0.6065412445730824,0.34604920405209844,0.0474095513748191,0.5000723589001447,0.31424023154848046,0.18568740955137483,11.062228654124457,2.7655571635311156
14,B,4,0.5624312590448625,0.2898986975397974,0.1476700434153401,0.5110998552821997,0.3282778581765557,0.16062228654124458,4.106512301013021,1.0266280752532553
15,A,0,0.44526772793053543,0.39004341534008685,0.16468885672937772,0.4452098408104197,0.3900578871201158,0.16473227206946453,0.004630969609259461,0.0011577424023134775
15,A,1,0.4452098408104197,0.39004341534008685,0.16474674384949348,0.44522431259044865,0.3900578871201158,0.1647178002894356,0.0023154848046297305,0.0005788712011567387
15,A,2,0.4452098408104197,0.39004341534008685,0.16474674384949348,0.44522431259044865,0.3900578871201158,0.1647178002894356,0.0023154848046297305,0.0005788712011567387
15,A,3,0.4452098408104197,0.39004341534008685,0.16474674384949348,0.44522431259044865,0.3900578871201158,0.1647178002894356,0.0023154848046297305,0.0005788712011567387
15,A,4,0.4452098408104197,0.3901013024602026,0.16468885672937772,0.44522431259044865,0.39004341534008685,0.16473227206946453,0.004630969609259461,0.0011577424023134775
15,B,0,0.4160926193921852,0.16665701881331405,0.4172503617945007,0.4525036179450072,0.44590448625180895,0.10159189580318378,25.252677279305352,6.31316931982634
15,B,1,0.3871490593342981,0.42529667149059336,0.18755426917510853,0.45973950795947904,0.38124457308248916,0.15901591895803183,5.807235890014473,1.451808972503621
15,B,2,0.46350217076700434,0.4745586107091172,0.06193921852387844,0.44065123010130247,0.3689290882778582,0.19041968162083936,10.278437047756874,2.569609261939218
15,B,3,0.47206946454413895,0.5065123010130246,0.02141823444283647,0.4385094066570188,0.3609406657018813,0.20054992764109986,14.330535455861071,3.5826338639652677
15,B,4,0.48729377713458755,0.3772503617945007,0.13545586107091173,0.4347033285094067,0.3932561505065123,0.17204052098408104,4.207235890014472,1.051808972503615
16,A,0,0.516642547033285,0.3450072358900145,0.13835021707670042,0.5166280752532562,0.34503617945007237,0.1383357452966715,0.002315484804632506,0.0005788712011567387
16,A,1,0.516642547033285,0.3450072358900145,0.13835021707670042,0.5166280752532562,0.34503617945007237,0.1383357452966715,0.002315484804632506,0.0005788712011567387
16,A,2,0.516642547033285,0.3450072358900145,0.13835021707670042,0.5166280752532562,0.34503617945007237,0.1383357452966715,0.002315484804632506,0.0005788712011567387
16,A,3,0.516642547033285,0.34506512301013026,0.13829232995658466,0.5166280752532562,0.3450217076700434,0.13835021707670042,0.0046309696092622366,0.0011577424023134775
16,A,4,0.5165846599131694,0.34506512301013026,0.13835021707670042,0.516642547033285,0.3450217076700434,0.1383357452966715,0.00463096960925391,0.0011577424023134775
16,B,0,0.6576555716353112,0.21788712011577424,0.12445730824891461,0.48137481910274965,0.3768162083936324,0.14180897250361796,14.102460202604927,3.5256150506512265
16,B,1,0.4474095513748191,0.3676410998552822,0.18494934876989869,0.5339363241678726,0.33937771345875545,0.12668596237337193,6.922141823444283,1.7305354558610708
16,B,2,0.5670622286541245,0.3139797395079595,0.11895803183791606,0.5040231548480463,0.3527930535455861,0.14318379160636757,5.043125904486256,1.260781476121564
16,B,3,0.47768451519536903,0.44480463096960926,0.07751085383502171,0.5263675832127351,0.3200868306801737,0.15354558610709118,9.977424023154846,2.4943560057887115
16,B,4,0.43334298118668596,0.3808393632416787,0.18581765557163532,0.5374529667149059,0.3360781476121563,0.12646888567293776,8.328798842257596,2.082199710564403
17,A,0,0.4595658465991317,0.4098986975397974,0.1305354558610709,0.4595658465991317,0.4099276410998553,0.130506512301013,0.0023154848046297305,0.0005788712011622899
17,A,1,0.4595658465991317,0.4098986975397974,0.1305354558610709,0.4595658465991317,0.4099276410998553,0.130506512301013,0.0023154848046297305,0.0005788712011622899
17,A,2,0.4595658465991317,0.4098986975397974,0.1305354558610709,0.4595658465991317,0.4099276410998553,0.130506512301013,0.0023154848046297305,0.0005788712011622899
17,A,3,0.4595658465991317,0.4099565846599132,0.13047756874095515,0.4595658465991317,0.40991316931982635,0.13052098408104196,0.0034732272069515346,0.0008683068017351081
17,A,4,0.4595658465991317,0.4099565846599132,0.13047756874095515,0.4595658465991317,0.40991316931982635,0.13052098408104196,0.0034732272069515346,0.0008683068017351081
17,B,0,0.452561505065123,0.33806078147612156,0.20937771345875542,0.46131693198263385,0.42788712011577423,0.11079594790159189,7.886541244573081,1.9716353111432716
17,B,1,0.3700723589001447,0.458465991316932,0.1714616497829233,0.48193921852387844,0.39778581765557164,0.12027496382054993,8.949348769898696,2.2373371924746754
17,B,2,0.5087120115774241,0.32254703328509404,0.1687409551374819,0.4472793053545586,0.4317655571635311,0.12095513748191028,8.737481910274964,2.1843704775687423
17,B,3,0.49314037626628077,0.4860781476121563,0.02078147612156295,0.45117221418234443,0.39088277858176557,0.15794500723589003,10.973082489146165,2.743270622286542
17,B,4,0.47334298118668594,0.4444573082489146,0.08219971056439943,0.45612156295224315,0.40128798842257596,0.1425904486251809,4.831259044862518,1.2078147612156283
18,A,0,0.6321852387843705,0.23988422575976845,0.12793053545586108,0.6321707670043415,0.23994211287988423,0.12788712011577424,0.0046309696092622366,0.001157742402316253
18,A,1,0.6321852387843705,0.23994211287988423,0.1278726483357453,0.6321707670043415,0.2399276410998553,0.1279015918958032,0.0023154848046297305,0.0005788712011595143
18,A,2,0.6321852387843705,0.23994211287988423,0.1278726483357453,0.6321707670043415,0.2399276410998553,0.1279015918958032,0.0023154848046297305,0.0005788712011595143
18,A,3,0.6321852387843705,0.23994211287988423,0.1278726483357453,0.6321707670043415,0.2399276410998553,0.1279015918958032,0.0023154848046297305,0.0005788712011595143
18,A,4,0.6321273516642547,0.23994211287988423,0.12793053545586108,0.6321852387843705,0.2399276410998553,0.12788712011577424,0.004630969609265012,0.0011577424023134775
18,B,0,0.6265123010130246,0.232821997105644,0.1406657018813314,0.633589001447178,0.24170767004341534,0.12470332850940666,1.2769898697539805,0.31924746743849375
18,B,1,0.6651808972503618,0.1727930535455861,0.16202604920405209,0.6239218523878437,0.2567149059334298,0.11936324167872649,6.713748191027497,1.6784370477568755
18,B,2,0.6670332850940666,0.3022865412445731,0.030680173661360347,0.6234587554269175,0.22434153400868306,0.15219971056439943,9.721562952243126,2.4303907380607837
18,B,3,0.5678147612156296,0.3007235890014472,0.1314616497829233,0.6482633863965268,0.22473227206946456,0.1270043415340087,6.435890014471779,1.6089725036179447
18,B,4,0.6343270622286541,0.191027496382055,0.1746454413892909,0.6316353111432707,0.2521562952243126,0.11620839363241679,4.890303907380608,1.2225759768451527
