animal,trial,publisher_test_animal,Other_min_per_day,Ruminating_min_per_day,Eating_min_per_day,recording_days_full,drinking_samples_replaced,drinking_min_total,drinking_min_per_day_full_record,drinking_share_of_eating_pct_approx
1,1,False,605.45,608.5166666666667,226.03333333333336,16.791655092592592,35500,59.166666666666664,3.523575629704735,1.5588743384624988
2,1,False,529.0833333333334,617.5166666666667,293.4,5.33332175925926,41300,68.83333333333333,12.906278008415814,4.398867760196256
3,1,False,615.35,552.3666666666667,272.28333333333336,13.062488425925926,39200,65.33333333333333,5.001599328016416,1.8369098346145862
4,1,True,680.0833333333333,526.0166666666667,233.9,5.937488425925926,11300,18.833333333333332,3.1719360076725294,1.3561077416299825
5,1,False,654.8333333333334,544.5333333333333,240.63333333333335,5.312488425925926,22700,37.833333333333336,7.121584142884844,2.959516889964611
6,1,False,613.3000000000001,518.4166666666666,308.28333333333336,16.749988425925928,64800,108.0,6.4477656493681925,2.091506400833062
7,2,False,522.3666666666667,612.55,305.0833333333333,6.937488425925926,29300,48.833333333333336,7.039050782533838,2.307255104900466
8,2,False,543.1833333333333,587.2333333333333,309.5833333333333,6.95832175925926,24700,41.166666666666664,5.916177505285271,1.9110129222994148
9,2,False,517.4833333333333,596.6,325.9166666666667,6.916655092592593,42800,71.33333333333333,10.313270269863235,3.1643887302060554
10,2,True,656.3499999999999,574.0333333333333,209.61666666666665,6.916655092592593,28300,47.166666666666664,6.819288519559102,3.253218662427814
11,3,True,786.95,520.7333333333333,132.31666666666666,6.851817129629629,30200,50.333333333333336,7.345983172212022,5.551820006710181
12,3,False,643.9666666666666,552.2166666666667,243.81666666666666,6.066076388888889,15300,25.5,4.20370571770376,1.7241256617829355
13,3,False,653.7,589.0166666666667,197.28333333333333,6.8775,46400,77.33333333333333,11.244395977220403,5.6996177970197195
14,3,False,750.9666666666667,461.53333333333336,227.5,7.013923611111111,60500,100.83333333333333,14.376166454621512,6.319194045987478
15,3,False,641.35,561.5166666666667,237.13333333333333,6.981469907407408,40200,67.0,9.596832885996163,4.047019771997258
16,3,False,744.15,496.70000000000005,199.15,5.767060185185185,15500,25.833333333333332,4.479463106644135,2.249291040243101
17,3,False,662.0,590.1166666666667,187.88333333333333,6.963252314814815,45700,76.16666666666667,10.938375233741949,5.821897578501881
18,3,False,910.4833333333332,345.4,184.11666666666665,6.779629629629629,26800,44.666666666666664,6.588363835017755,3.578363629049202
