animal,trial,acc_XGBoost,acc_1D-CNN,acc_Transformer,acc_STA-LSTM-H,acc_GRU,acc_LSTM,acc_STA-LSTM,f1_XGBoost,f1_1D-CNN,f1_Transformer,f1_STA-LSTM-H,f1_GRU,f1_LSTM,f1_STA-LSTM,majority_floor,publisher_test_animal
1,1,0.8510217076700434,0.7601852387843705,0.8351143270622287,0.8031953690303908,0.8354848046309696,0.7616671490593343,0.8218581765557164,0.8074246350464865,0.7379970975639059,0.8024922175392675,0.7775042479101865,0.7975294805860268,0.7379001330073799,0.7649395725345794,0.4205730824891461,False
2,1,0.8226222865412446,0.8175629522431259,0.8188943560057887,0.8137192474674385,0.816821997105644,0.8183039073806078,0.7945817655571635,0.801521316532397,0.8014507741895288,0.803335909185681,0.7981081427304977,0.7995789489454119,0.802702201320785,0.7804999971687995,0.3674327062228654,False
3,1,0.8210477568740955,0.8199479015918958,0.8260376266280752,0.8185586107091172,0.8074674384949349,0.8175050651230101,0.8203068017366136,0.7807003907835446,0.79446947858959,0.8011296358128547,0.7916211353705628,0.7865713720555156,0.7929325509224014,0.793471260411781,0.4274500723589001,False
4,1,0.8287698986975398,0.8287351664254703,0.8300086830680173,0.806958031837916,0.756642547033285,0.8267554269175108,0.7843125904486252,0.7747033880542228,0.7942892504431914,0.7950288780523233,0.7708422003753167,0.7141998856407429,0.790361997892758,0.7440482382375097,0.4721273516642547,True
5,1,0.8327872648335746,0.8261186685962373,0.821534008683068,0.8220434153400868,0.8192532561505065,0.8265933429811867,0.8221707670043416,0.7900097726385179,0.791114740824652,0.7894016984541364,0.7882959805598636,0.7877175528957098,0.7943480973825036,0.791417248393611,0.454876989869754,False
6,1,0.8147033285094066,0.8169030390738061,0.7927178002894356,0.8071664254703329,0.8125383502170767,0.7916410998552822,0.7310217076700434,0.7905861757226896,0.7972338244215099,0.7733061921148611,0.7873755941250827,0.7938650920947669,0.771752703578569,0.7081637089408566,0.4258292329956584,False
7,2,0.728451519536903,0.7164804630969609,0.6997858176555717,0.7079015918958032,0.6538581765557163,0.6723473227206946,0.7136324167872649,0.7147367239086307,0.7055306972224044,0.6926231745283453,0.6993737945251469,0.6523778507706749,0.6677239587704795,0.7033507098988593,0.3628596237337192,False
8,2,0.48947033285094066,0.4581070911722142,0.4531751085383502,0.4720926193921852,0.4486946454413893,0.46393053545586105,0.4441331403762663,0.46104648424060324,0.3988685836263701,0.3972908123990819,0.46108418935897344,0.39536645662641834,0.41185180407077016,0.4014473741875566,0.3770303907380607,False
9,2,0.7437105643994212,0.7423444283646888,0.5792648335745296,0.7447525325615051,0.7480636758321274,0.6813082489146165,0.7427149059334298,0.727808519465155,0.7326467055465969,0.5595815141335237,0.7326678203786976,0.7361804214327412,0.6754925509012649,0.7282190284242164,0.3594674384949349,False
10,2,0.8685267727930536,0.8411808972503618,0.842767004341534,0.8168104196816208,0.8323936324167872,0.8336208393632417,0.7511664254703329,0.829820801614294,0.8049037876411296,0.8065001760426299,0.7792030284473812,0.7961465588906039,0.7954221086877064,0.7118278331729565,0.4559305354558611,True
11,3,0.8142170767004342,0.7578465991316932,0.7731403762662807,0.7573603473227207,0.7068133140376266,0.7494761215629523,0.7804457308248914,0.7147657583020476,0.6929367166996503,0.6997237995116109,0.6896132824627902,0.6534698489992026,0.6812750365525441,0.7015094151042817,0.5463617945007236,True
12,3,0.8606193921852388,0.8504544138929089,0.8482894356005789,0.8188480463096961,0.8423386396526773,0.8312706222865412,0.8341534008683068,0.8276210737635977,0.8238279249597961,0.8235822838931895,0.7986807226450375,0.8193628198789881,0.8075745508736962,0.8105777904610264,0.4470390738060781,False
13,3,0.8383791606367583,0.8117163531114328,0.8152590448625181,0.7935282199710565,0.8115658465991317,0.8061476121562953,0.8316410998552822,0.7554682098913905,0.7404173222407188,0.7655043509590191,0.7428474338873813,0.7663826122275522,0.7505914590147648,0.7774362711890127,0.4538002894356006,False
14,3,0.8309811866859623,0.8257481910274964,0.8313748191027497,0.8144023154848047,0.8099913169319827,0.7978350217076701,0.7985180897250361,0.760603800398666,0.7742634237799776,0.7823553366164302,0.7706343330637271,0.7550717096717868,0.740052510400743,0.748842260545311,0.5213661360347323,False
15,3,0.832590448625181,0.8152127351664255,0.787589001447178,0.7764515195369031,0.8058697539797395,0.7651287988422576,0.7367525325615051,0.8009955563148607,0.7861715680752633,0.760571088063028,0.7543748334079888,0.7801866049896772,0.7350232317811223,0.7057746410607777,0.4452214182344428,False
16,3,0.7927641099855283,0.7892329956584659,0.7838610709117222,0.7696324167872648,0.7785586107091172,0.7790680173661361,0.7704428364688857,0.6810595481326217,0.7122857689032438,0.7112313783707088,0.6972835808039063,0.7010370560631375,0.6961224786946324,0.676279554899069,0.5166309696092619,False
17,3,0.8361331403762663,0.8128972503617945,0.8104081041968162,0.7622228654124458,0.7541765557163531,0.7748538350217077,0.7693082489146165,0.7790327939761384,0.7644846180952992,0.7609554662343182,0.7210917451275675,0.7131836189383017,0.724639327536068,0.7296443871408486,0.4595658465991317,False
18,3,0.789534008683068,0.7995369030390738,0.7618176555716353,0.7605325615050651,0.7748538350217077,0.7776555716353112,0.7521620839363242,0.6993372766302768,0.7226234902822705,0.7061364310953152,0.6994911421326431,0.707337966133637,0.7040783602108632,0.6913294812238271,0.6321736613603474,False
