term,coef_pp,se_pp,p
Intercept,83.74966117657847,2.9514366042714175,4.011742763679042e-177
"C(model, Treatment('XGBoost'))[T.1D-CNN]",-1.700659269979089,0.8244741871433307,0.03913925304153601
"C(model, Treatment('XGBoost'))[T.GRU]",-3.2274642225438117,0.8244741871433307,9.05644127515799e-05
"C(model, Treatment('XGBoost'))[T.LSTM]",-3.451230101302453,0.8244741871433308,2.83941924239094e-05
"C(model, Treatment('XGBoost'))[T.STA-LSTM]",-3.872262421611184,0.8244741871433307,2.6446974253091003e-06
"C(model, Treatment('XGBoost'))[T.STA-LSTM-H]",-2.945296671490585,0.8244741871433307,0.0003538145760504163
"C(model, Treatment('XGBoost'))[T.Transformer]",-2.6960604598810014,0.8244741871433308,0.0010753371199994995
C(trial)[T.2],-13.726786575701313,4.587933441860421,0.0027721766869703763
C(trial)[T.3],-1.6192199021431701,3.838540515203513,0.67314751753493
