animal,trial,behaviour,ax_mean_mg,ay_mean_mg,az_mean_mg,pitch_deg,roll_deg,vm_static_mg
1,1,Other,151.10510639469268,599.5981921786199,649.7208217278908,9.698801583800535,47.29747226320934,896.9324898949676
1,1,Ruminating,177.74333214647643,728.2585641687064,662.8082814394666,10.23178775992272,42.30619599365157,1000.633822310808
1,1,Eating,-173.5499650687676,599.3599040098671,689.0351290519111,-10.7600832273153,48.98149545042646,929.5812465716332
1,1,All,111.40158997381218,653.9302196969697,661.4224059577253,6.829923804092026,45.32635051725583,936.7575169618477
2,1,Other,1.6686834322115485,904.6441525349574,-17.016305629932983,0.10566751582492989,-1.077603311810918,904.8057149893448
2,1,Ruminating,219.75940310502943,968.3459087923852,48.29408592960454,12.770953839869295,2.8551332119955695,994.1430043327797
2,1,Eating,-229.9509682142947,857.4899265318488,-1.999952031104041,-15.011632984430156,-0.13363259355805887,887.7896269355786
2,1,All,48.00024485596707,922.3537680041152,14.050398148148144,2.978699301760966,0.8727304879239403,923.7087801605783
3,1,Other,65.89339597322048,882.331276361568,213.95737139001946,4.151114212330375,13.630606062108757,910.2901612402741
3,1,Ruminating,171.98157899067922,963.8157251715758,197.46125487571388,9.915532574983336,11.578224867365735,998.7539050122554
3,1,Eating,-131.94309824077837,897.1662747323884,164.33578163961957,-8.231290285640153,10.37991694790179,921.5869762630502
3,1,All,69.17950425551815,916.3928153759821,198.24692919940145,4.2198809398659085,12.206916036203829,940.1401176520181
4,1,Other,-34.01284265272503,784.7621299132732,-22.4579482361911,-2.4807229581891836,-1.63921589536117,785.8198479615512
4,1,Ruminating,176.3416875257438,933.5750493752838,65.19116349643899,10.6711083995363,3.9944566953511513,952.3175160488807
4,1,Eating,-109.12794008202303,902.5859515779139,35.47259195921018,-6.8886668639952955,2.2506270567079154,909.8508735351407
4,1,All,30.626440329218113,858.2600936213992,18.96902880658436,2.0431960464023944,1.2661294429761807,859.0158270975669
5,1,Other,107.80334040326915,936.9074290885441,42.27819122762365,6.55714200999786,2.5837341490279977,944.0363003279524
5,1,Ruminating,169.63749727935576,982.5216345630646,32.20838366525194,9.790683031669465,1.8775605297182,997.5785797850752
5,1,Eating,-3.1174801065090576,930.9285742869896,42.53293931138508,-0.19167061158839532,2.6159518754016324,931.9049200603502
5,1,All,112.65022427983538,953.1572510288066,38.51288220164609,6.734870079163238,2.3138112051005675,960.5634077532657
6,1,Other,43.298511392527374,850.2469569876712,168.27769076163008,2.8598691004409744,11.19508854766942,867.8202752665268
6,1,Ruminating,149.96376963656823,939.1274831582177,169.67087548041093,8.93043712643704,10.241076771031251,966.0423219574737
6,1,Eating,-210.26557427002908,861.6081113890706,127.24123322209498,-13.572645867058178,8.40065188450695,895.9745982819076
6,1,All,27.41480728582117,884.6772352225964,159.993936775159,1.7466259645804578,10.251143414925185,899.4461862637639
7,2,Other,24.619622812258893,889.8191146356036,138.90396157349127,1.565907394200226,8.872470422596388,900.9320136054204
7,2,Ruminating,304.2703987058571,911.747502615742,172.277257267805,18.15533490016029,10.700047216291985,976.4954876630926
7,2,Eating,-305.2148544720629,874.9327993952086,76.48478888861298,-19.16328237345319,4.995976382093345,929.7921454708436
7,2,All,73.69815128133183,895.9931892068836,139.87601921997756,4.64614166023763,8.872986207143146,909.8354320206681
8,2,Other,124.69366773810331,690.6127643220584,-598.4251934211247,7.770242271603381,-40.90936700605568,922.2836944994995
8,2,Ruminating,261.7080712328485,730.7557730910743,-532.8370035141676,16.13915288586657,-36.09798974400831,941.49369980277
8,2,Eating,-51.50968506056528,683.5787632448305,-562.2936263306008,-3.3305443380738717,-39.439801091624275,886.6269200889334
8,2,All,142.68658688739245,705.4708916479611,-563.9104001122334,8.977800391176292,-38.63670796409857,914.3541876072325
9,2,Other,36.4927730068894,662.9509543566035,559.4061972424818,2.4090052958286514,40.15808606598925,868.1998524978901
9,2,Ruminating,213.18307919963968,709.6692924326516,562.4057198422938,13.24796605790138,38.39646780169292,930.2568051835088
9,2,Eating,-236.8581130145743,645.9823732595709,568.9192347923107,-15.384939110336292,41.37050034241381,892.7844577385746
9,2,All,47.8287640291807,678.4661051253272,562.802011597456,3.105690862505372,39.67642577705504,882.8079919952207
10,2,Other,74.40412833035671,939.8951519204129,210.38718502154168,4.417354423512426,12.617168457214065,966.0236221425357
10,2,Ruminating,133.43144352179831,953.5024524321082,210.20958390595462,7.781648940869662,12.432580241893698,985.4739702702807
10,2,Eating,-291.40345074342054,891.2808353873472,52.42514289752899,-18.07590371034338,3.3662594068070226,939.1729841950134
10,2,All,44.684879115226344,938.242841563786,187.32230606995884,2.6740211147599857,11.290773604575582,957.8027012483298
11,3,Other,47.211338580116774,884.7507582763699,-283.4824230187595,2.90906455037545,-17.76594496940583,930.2553944598897
11,3,Ruminating,-148.1536294968634,895.8972113918601,-312.06652855530075,-8.87596843736027,-19.20468321553883,960.1910380530333
11,3,Eating,123.19599674793024,823.8638436258287,-354.5763217258871,7.820843937772587,-23.286182816018947,905.3470353280558
11,3,All,-16.45464361204639,883.1868527871306,-300.3515926393565,-1.0105295755032466,-18.781991082655285,933.0063512288832
12,3,Other,24.193989797033435,889.4396569870767,-60.93499548515853,1.554498301981474,-3.9191767029714253,891.8527491903379
12,3,Ruminating,-109.1413863989242,959.9733357478444,-92.36406268339385,-6.456663034779932,-5.4958097900302905,970.5626036723777
12,3,Eating,260.2109599653656,894.7172910515859,-104.50761446876014,16.112233044943924,-6.662254595238578,937.6303195154987
12,3,All,13.023749485596706,917.3817737360378,-80.36512426513814,0.8102509147996471,-5.006484357965734,920.9872366281161
13,3,Other,30.325792111106477,820.4611808771515,-378.3599473393874,1.922398731430361,-24.757035347331517,904.0090999233138
13,3,Ruminating,-165.6143773263606,804.4929674778972,-454.3521349141224,-10.162351296077647,-29.456384725458324,938.6548456166473
13,3,Eating,257.8222184675171,795.421278425891,-434.2600044544456,15.88082013226896,-28.632319881305445,942.2043610475204
13,3,All,-18.65391077441077,810.4990286195286,-417.10217971380473,-1.1723627216314116,-27.231433595426036,911.7186364785938
14,3,Other,207.2438111865694,808.7987719531861,-145.90349919363192,14.153004976199371,-10.2259105751895,847.5808409025434
14,3,Ruminating,4.3274078353957055,943.1884812300383,-255.3133628645257,0.2537428539555627,-15.14651128207636,977.1428507852846
14,3,Eating,284.3107431827432,850.8905689865691,-236.84854049654047,17.843129155475243,-15.554740755341687,927.8709986925728
14,3,All,154.3827299382716,858.5218374485597,-195.33842695473254,9.94528330829939,-12.818215509830058,893.8964558182306
15,3,Other,-41.11271158611924,934.2503403096215,47.8731303051565,-2.5164405963819623,2.933401473711157,936.3790845740957
15,3,Ruminating,-199.16124700149217,950.7526641860113,69.12055984738303,-11.80083260561888,4.158138324929125,973.8446911893104
15,3,Eating,173.46649372556033,934.5888619112121,-15.878896925396784,10.513373967917715,-0.9733758730016799,950.6834933990923
15,3,All,-67.4064647516835,940.7410379840068,45.659974116161614,-4.093580173229936,2.7787374871393937,944.2574676823239
16,3,Other,30.104358508148064,853.943273628579,-213.79757031897057,1.958628064426112,-14.055928515828157,880.8148432281193
16,3,Ruminating,-102.33402064012091,914.9619181838228,-218.37136721408913,-6.208767084266105,-13.42350476631318,946.2101339163219
16,3,Eating,202.56307488644921,821.941359870358,-256.01509445446175,13.24056772204242,-17.300563572123973,884.3998682505066
16,3,All,8.273115760782428,870.5646483686066,-221.21383757549037,0.5277054319787613,-14.257331341113975,898.2687868162973
17,3,Other,61.488333892805194,894.2388128007161,-177.41612957368244,3.858523527611272,-11.221705606539244,913.7397619437676
17,3,Ruminating,-87.01277901733178,966.6215732607803,-237.65986888970482,-4.995759078378973,-13.813127116480615,999.2050354587576
17,3,Eating,322.5428920626472,815.2829346422621,-313.3416245305893,20.268464294121014,-21.023506364566106,931.0763418767037
17,3,All,34.693069187242806,913.5997709619342,-219.8390252057613,2.114410613645663,-13.529829915844205,940.317684378396
18,3,Other,-59.68817427972821,956.4346682331561,-119.24570732494729,-3.5436587889973987,-7.106811630260766,965.6860211593319
18,3,Ruminating,-96.55815655103437,966.8417706304505,-124.45316278008808,-5.656833328976948,-7.3348557939282415,979.5892387926308
18,3,Eating,208.58960968424168,850.267498374713,-208.6423759638569,13.401112584658323,-13.787075924724387,899.9978250576278
18,3,All,-34.230174663299664,945.3565208333332,-131.92492382154882,-2.053817776685216,-7.944346415497036,955.1307983019424
