animal,trial,x_Rum,x_Eat,rum_minus_eat_x,ax_all,ay_all,az_all,roll_all_deg,pitch_all_deg
1,1,177.74333214647643,-173.5499650687676,351.293297215244,111.40158997381218,653.9302196969697,661.4224059577253,45.32635051725583,6.829923804092026
2,1,219.75940310502943,-229.9509682142947,449.71037131932417,48.00024485596707,922.3537680041152,14.050398148148144,0.8727304879239403,2.978699301760966
3,1,171.98157899067922,-131.94309824077837,303.9246772314576,69.17950425551815,916.3928153759821,198.24692919940145,12.206916036203829,4.2198809398659085
4,1,176.3416875257438,-109.12794008202303,285.4696276077668,30.626440329218113,858.2600936213992,18.96902880658436,1.2661294429761807,2.0431960464023944
5,1,169.63749727935576,-3.1174801065090576,172.7549773858648,112.65022427983538,953.1572510288066,38.51288220164609,2.3138112051005675,6.734870079163238
6,1,149.96376963656823,-210.26557427002908,360.2293439065973,27.41480728582117,884.6772352225964,159.993936775159,10.251143414925185,1.7466259645804578
7,2,304.2703987058571,-305.2148544720629,609.48525317792,73.69815128133183,895.9931892068836,139.87601921997756,8.872986207143146,4.64614166023763
8,2,261.7080712328485,-51.50968506056528,313.2177562934138,142.68658688739245,705.4708916479611,-563.9104001122334,-38.63670796409857,8.977800391176292
9,2,213.18307919963968,-236.8581130145743,450.041192214214,47.8287640291807,678.4661051253272,562.802011597456,39.67642577705504,3.105690862505372
10,2,133.43144352179831,-291.40345074342054,424.83489426521885,44.684879115226344,938.242841563786,187.32230606995884,11.290773604575582,2.6740211147599857
11,3,-148.1536294968634,123.19599674793024,-271.3496262447936,-16.45464361204639,883.1868527871306,-300.3515926393565,-18.781991082655285,-1.0105295755032466
12,3,-109.1413863989242,260.2109599653656,-369.3523463642898,13.023749485596706,917.3817737360378,-80.36512426513814,-5.006484357965734,0.8102509147996471
13,3,-165.6143773263606,257.8222184675171,-423.4365957938777,-18.65391077441077,810.4990286195286,-417.10217971380473,-27.231433595426036,-1.1723627216314116
14,3,4.3274078353957055,284.3107431827432,-279.98333534734746,154.3827299382716,858.5218374485597,-195.33842695473254,-12.818215509830058,9.94528330829939
15,3,-199.16124700149217,173.46649372556033,-372.62774072705247,-67.4064647516835,940.7410379840068,45.659974116161614,2.7787374871393937,-4.093580173229936
16,3,-102.33402064012091,202.56307488644921,-304.8970955265701,8.273115760782428,870.5646483686066,-221.21383757549037,-14.257331341113975,0.5277054319787613
17,3,-87.01277901733178,322.5428920626472,-409.555671079979,34.693069187242806,913.5997709619342,-219.8390252057613,-13.529829915844205,2.114410613645663
18,3,-96.55815655103437,208.58960968424168,-305.14776623527604,-34.230174663299664,945.3565208333332,-131.92492382154882,-7.944346415497036,-2.053817776685216
