input,model,animal,acc_model,acc_baseline,n_correct_model,n_correct_baseline,agreement_with_baseline,transition_accuracy,non_transition_accuracy,n_transitions
bp,STA-LSTM-H,1,0.9942344428364689,0.9943270622286541,85877,85885,0.9999073806078148,0.0,0.9999068521860628,490
bp,STA-LSTM-H,2,0.9937134587554269,0.9938523878437048,85832,85844,0.9998610709117222,0.0,0.9998602115465263,531
bp,STA-LSTM-H,3,0.9933545586107091,0.9935050651230102,85801,85814,0.999849493487699,0.0,0.9998485095672035,561
bp,STA-LSTM-H,4,0.9935513748191027,0.9936092619392185,85818,85823,0.9999421128798842,0.0,0.9999417405590576,552
bp,STA-LSTM-H,5,0.9932272069464544,0.9937481910274963,85790,85835,0.999479015918958,0.0,0.999475738335178,540
bp,STA-LSTM-H,6,0.992671490593343,0.9927178002894356,85742,85746,0.9999536903039073,0.0,0.9999533505936137,629
bp,STA-LSTM-H,7,0.9934356005788711,0.9934356005788711,85808,85808,1.0,0.0,1.0,567
bp,STA-LSTM-H,8,0.9903212735166426,0.9905412445730825,85539,85558,0.9997684515195369,0.0,0.9997779284228243,817
bp,STA-LSTM-H,9,0.9841157742402316,0.9920463096960926,85003,85688,0.9918842257597684,0.00727802037845706,0.9919475305760433,687
bp,STA-LSTM-H,10,0.9948364688856729,0.9948596237337193,85929,85931,0.9999768451519537,0.0,0.9999767255123296,444
bp,STA-LSTM-H,11,0.9937018813314038,0.9938060781476121,85831,85840,0.9998842257597684,0.0,0.9998951537744641,535
bp,STA-LSTM-H,12,0.9933892908827786,0.9935050651230102,85804,85814,0.9998610709117222,0.0017825311942959,0.9998718157876337,561
bp,STA-LSTM-H,13,0.9942691751085384,0.9943849493487699,85880,85890,0.9998842257597684,0.0,0.9998835720107114,485
bp,STA-LSTM-H,14,0.9942923299565847,0.9945933429811867,85882,85908,0.9996989869753979,0.0,0.9996973506541882,467
bp,STA-LSTM-H,15,0.992,0.9932850940665702,85684,85795,0.9986222865412445,0.006896551724137931,0.998659595547526,580
bp,STA-LSTM-H,16,0.9926136034732272,0.9931577424023155,85737,85784,0.9994558610709118,0.0,0.9994521122820106,591
bp,STA-LSTM-H,17,0.9923936324167872,0.9930651230101303,85718,85776,0.9993285094066571,0.0,0.9993238201828017,599
bp,STA-LSTM-H,18,0.9933661360347322,0.9935861070911722,85802,85821,0.9997800289435601,0.0,0.9997786089651717,554
bp,STA-LSTM,1,0.9941186685962373,0.9943270622286541,85867,85885,0.9997916063675832,0.0,0.9997904174186412,490
bp,STA-LSTM,2,0.9937250361794501,0.9938523878437048,85833,85844,0.9998726483357453,0.0,0.9998718605843158,531
bp,STA-LSTM,3,0.9930767004341534,0.9935050651230102,85777,85814,0.9995716353111432,0.0,0.9995688349220407,561
bp,STA-LSTM,4,0.9934934876989869,0.9936092619392185,85813,85823,0.9998842257597684,0.0,0.9998834811181152,552
bp,STA-LSTM,5,0.9937018813314038,0.9937481910274963,85831,85835,0.9999536903039073,0.0,0.999953398963127,540
bp,STA-LSTM,6,0.992150506512301,0.9927178002894356,85697,85746,0.9994211287988423,0.0,0.9994285447717678,629
bp,STA-LSTM,7,0.9933892908827786,0.9934356005788711,85804,85808,0.9999536903039073,0.0,0.9999533842998322,567
bp,STA-LSTM,8,0.9902170767004341,0.9905412445730825,85530,85558,0.9996758321273517,0.0,0.9996727366231095,817
bp,STA-LSTM,9,0.9919884225759769,0.9920463096960926,85683,85688,0.999918958031838,0.001455604075691412,0.9999299785267483,687
bp,STA-LSTM,10,0.9948133140376266,0.9948596237337193,85927,85931,0.9999536903039073,0.0,0.9999534510246593,444
bp,STA-LSTM,11,0.9928798842257598,0.9938060781476121,85760,85840,0.9990622286541244,0.0,0.9990680335507922,535
bp,STA-LSTM,12,0.9930998552821997,0.9935050651230102,85779,85814,0.9995947901591896,0.0,0.999592141142471,561
bp,STA-LSTM,13,0.9943270622286541,0.9943849493487699,85885,85890,0.9999421128798842,0.0,0.9999417860053557,485
bp,STA-LSTM,14,0.9945238784370477,0.9945933429811867,85902,85908,0.9999305354558611,0.0,0.9999301578432742,467
bp,STA-LSTM,15,0.9930998552821997,0.9932850940665702,85779,85795,0.9998147612156295,0.0,0.9998135089457427,580
bp,STA-LSTM,16,0.9930303907380608,0.9931577424023155,85773,85784,0.999849493487699,0.001692047377326565,0.9998601137741304,591
bp,STA-LSTM,17,0.992972503617945,0.9930651230101303,85768,85776,0.9999073806078148,0.0,0.9999067338183175,599
bp,STA-LSTM,18,0.9935050651230102,0.9935861070911722,85814,85821,0.999918958031838,0.0,0.9999184348819053,554
bp,LSTM,1,0.9938986975397974,0.9943270622286541,85848,85885,0.9995716353111432,0.0,0.9995691913605402,490
bp,LSTM,2,0.9937018813314038,0.9938523878437048,85831,85844,0.999849493487699,0.0,0.9998485625087368,531
bp,LSTM,3,0.993424023154848,0.9935050651230102,85807,85814,0.999918958031838,0.0,0.9999184282284942,561
bp,LSTM,4,0.9935166425470333,0.9936092619392185,85815,85823,0.9999073806078148,0.0,0.9999067848944921,552
bp,LSTM,5,0.9935861070911722,0.9937481910274963,85821,85835,0.9998379160636758,0.0,0.9998368963709443,540
bp,LSTM,6,0.9925788712011577,0.9927178002894356,85734,85746,0.9998610709117222,0.0,0.9998600517808411,629
bp,LSTM,7,0.9930882778581765,0.9934356005788711,85778,85808,0.9996526772793054,0.0,0.9996503822487414,567
bp,LSTM,8,0.9901591895803183,0.9905412445730825,85525,85558,0.9996179450072359,0.0,0.9996142967343791,817
bp,LSTM,9,0.9918842257597684,0.9920463096960926,85674,85688,0.9998379160636758,0.0,0.9998366165624125,687
bp,LSTM,10,0.9948364688856729,0.9948596237337193,85929,85931,0.9999768451519537,0.0,0.9999767255123296,444
bp,LSTM,11,0.993794500723589,0.9938060781476121,85839,85840,0.9999884225759769,0.0,0.9999883504193849,535
bp,LSTM,12,0.9934934876989869,0.9935050651230102,85813,85814,0.9999884225759769,0.0,0.9999883468897849,561
bp,LSTM,13,0.9942575976845152,0.9943849493487699,85879,85890,0.9998726483357453,0.0,0.9998719292117825,485
bp,LSTM,14,0.9945586107091172,0.9945933429811867,85905,85908,0.9999652677279305,0.0,0.9999650789216371,467
bp,LSTM,15,0.9932850940665702,0.9932850940665702,85795,85795,1.0,0.0,1.0,580
bp,LSTM,16,0.9929261939218524,0.9931577424023155,85764,85784,0.9997684515195369,0.0,0.9997668562902173,591
bp,LSTM,17,0.9930188133140376,0.9930651230101303,85772,85776,0.9999536903039073,0.0,0.9999533669091587,599
bp,LSTM,18,0.9935513748191027,0.9935861070911722,85818,85821,0.9999652677279305,0.0,0.9999650435208166,554
bp,GRU,1,0.9943270622286541,0.9943270622286541,85885,85885,1.0,0.0,1.0,490
bp,GRU,2,0.9938176555716353,0.9938523878437048,85841,85844,0.9999652677279305,0.0,0.9999650528866315,531
bp,GRU,3,0.9934587554269175,0.9935050651230102,85810,85814,0.9999536903039073,0.0,0.9999533875591395,561
bp,GRU,4,0.9935976845151954,0.9936092619392185,85822,85823,0.9999884225759769,0.0,0.9999883481118115,552
bp,GRU,5,0.9937250361794501,0.9937481910274963,85833,85835,0.9999768451519537,0.0,0.9999766994815634,540
bp,GRU,6,0.9926830680173662,0.9927178002894356,85743,85746,0.9999652677279305,0.0,0.9999650129452102,629
bp,GRU,7,0.9932850940665702,0.9934356005788711,85795,85808,0.999849493487699,0.0,0.9998484989744546,567
bp,GRU,8,0.9905180897250362,0.9905412445730825,85556,85558,0.9999768451519537,0.0,0.9999766240445078,817
bp,GRU,9,0.9920347322720695,0.9920463096960926,85687,85688,0.9999884225759769,0.0,0.9999883297544581,687
bp,GRU,10,0.9948480463096961,0.9948596237337193,85930,85931,0.9999884225759769,0.0,0.9999883627561649,444
bp,GRU,11,0.9938060781476121,0.9938060781476121,85840,85840,1.0,0.0,1.0,535
bp,GRU,12,0.9935050651230102,0.9935050651230102,85814,85814,1.0,0.0,1.0,561
bp,GRU,13,0.9943617945007236,0.9943849493487699,85888,85890,0.9999768451519537,0.0,0.9999767144021423,485
bp,GRU,14,0.9945586107091172,0.9945933429811867,85905,85908,0.9999652677279305,0.0,0.9999650789216371,467
bp,GRU,15,0.9932850940665702,0.9932850940665702,85795,85795,1.0,0.0,1.0,580
bp,GRU,16,0.9929377713458756,0.9931577424023155,85765,85784,0.9997800289435601,0.0,0.9997785134757065,591
bp,GRU,17,0.9929261939218524,0.9930651230101303,85764,85776,0.9998610709117222,0.0,0.9998601007274762,599
bp,GRU,18,0.9935861070911722,0.9935861070911722,85821,85821,1.0,0.0,1.0,554
bp,Transformer,1,0.9942228654124458,0.9943270622286541,85876,85885,0.9998958031837916,0.0,0.9998952087093206,490
bp,Transformer,2,0.9934356005788711,0.9938523878437048,85808,85844,0.9995600578871201,0.0018832391713747645,0.9995689856017893,531
bp,Transformer,3,0.9923473227206946,0.9935050651230102,85714,85814,0.9988191027496383,0.0017825311942959,0.9988230358682733,561
bp,Transformer,4,0.9915600578871201,0.9936092619392185,85646,85823,0.99783502170767,0.009057971014492754,0.9978793563496965,552
bp,Transformer,5,0.9933661360347322,0.9937481910274963,85802,85835,0.9995947901591896,0.001851851851851852,0.9996038911865789,540
bp,Transformer,6,0.9925325615050651,0.9927178002894356,85730,85746,0.9998147612156295,0.0,0.9998134023744548,629
bp,Transformer,7,0.9933082489146164,0.9934356005788711,85797,85808,0.9998726483357453,0.0,0.9998718068245385,567
bp,Transformer,8,0.9883415340086831,0.9905412445730825,85368,85558,0.9977424023154848,0.0024479804161566705,0.9977559082727506,817
bp,Transformer,9,0.9909696092619392,0.9920463096960926,85595,85688,0.9988769898697539,0.002911208151382824,0.9988913266735132,687
bp,Transformer,10,0.9944081041968162,0.9948596237337193,85892,85931,0.9995253256150507,0.0022522522522522522,0.9995345102465932,444
bp,Transformer,11,0.9934819102749638,0.9938060781476121,85812,85840,0.9996758321273517,0.0,0.9996738117427773,535
bp,Transformer,12,0.9934471780028944,0.9935050651230102,85809,85814,0.9999421128798842,0.0,0.9999417344489244,561
bp,Transformer,13,0.9943733719247467,0.9943849493487699,85889,85890,0.9999884225759769,0.0,0.9999883572010712,485
bp,Transformer,14,0.9944428364688856,0.9945933429811867,85895,85908,0.999849493487699,0.0,0.9998486753270941,467
bp,Transformer,15,0.9929030390738061,0.9932850940665702,85762,85795,0.9995716353111432,0.0034482758620689655,0.9995920508188123,580
bp,Transformer,16,0.9928335745296671,0.9931577424023155,85756,85784,0.9996526772793054,0.001692047377326565,0.9996619416208151,591
bp,Transformer,17,0.9930419681620839,0.9930651230101303,85774,85776,0.9999652677279305,0.0,0.9999766834545794,599
bp,Transformer,18,0.9935629522431259,0.9935861070911722,85819,85821,0.9999768451519537,0.0,0.9999766956805444,554
bp,1D-CNN,1,0.9935282199710564,0.9943270622286541,85816,85885,0.9985180897250362,0.05918367346938776,0.9988589392792688,490
bp,1D-CNN,2,0.9933198263386397,0.9938523878437048,85798,85844,0.9993632416787265,0.005649717514124294,0.9994291971483156,531
bp,1D-CNN,3,0.9930535455861071,0.9935050651230102,85775,85814,0.9992821997105644,0.016042780748663103,0.9994406507096744,561
bp,1D-CNN,4,0.9935282199710564,0.9936092619392185,85816,85823,0.999918958031838,0.0,0.9999184367826807,552
bp,1D-CNN,5,0.9932156295224313,0.9937481910274963,85789,85835,0.9993400868306802,0.007407407407407408,0.9994174870390866,540
bp,1D-CNN,6,0.9927293777134587,0.9927178002894356,85747,85746,0.9999884225759769,0.001589825119236884,1.0,629
bp,1D-CNN,7,0.9931345875542692,0.9934356005788711,85782,85808,0.9996179450072359,0.001763668430335097,0.9996853440238672,567
bp,1D-CNN,8,0.9903791606367583,0.9905412445730825,85544,85558,0.9998379160636758,0.0,0.9998363683115548,817
bp,1D-CNN,9,0.9915021707670043,0.9920463096960926,85641,85688,0.9994558610709118,0.0,0.9994514984595276,687
bp,1D-CNN,10,0.9944891461649783,0.9948596237337193,85899,85931,0.9995716353111432,0.0045045045045045045,0.9996043337096042,444
bp,1D-CNN,11,0.9935050651230102,0.9938060781476121,85814,85840,0.9996874095513748,0.0,0.9996971109040075,535
bp,1D-CNN,12,0.9933545586107091,0.9935050651230102,85801,85814,0.999849493487699,0.0,0.9998485095672035,561
bp,1D-CNN,13,0.9938408104196816,0.9943849493487699,85843,85890,0.9993863965267727,0.004123711340206186,0.9994295028524858,485
bp,1D-CNN,14,0.9943270622286541,0.9945933429811867,85885,85908,0.9997337192474675,0.0,0.9997322717325511,467
bp,1D-CNN,15,0.9927988422575977,0.9932850940665702,85753,85795,0.9992011577424024,0.01896551724137931,0.9993822483827729,580
bp,1D-CNN,16,0.9926251808972504,0.9931577424023155,85738,85784,0.999259044862518,0.011844331641285956,0.9993821691690759,591
bp,1D-CNN,17,0.9928451519536903,0.9930651230101303,85757,85776,0.9997452966714906,0.001669449081803005,0.9997668345457937,599
bp,1D-CNN,18,0.993342981186686,0.9935861070911722,85800,85821,0.9997568740955137,0.0,0.999755304645716,554
lag1,STA-LSTM-H,1,0.9877626628075253,0.9886541244573083,85318,85395,0.9990853835021708,0.0,0.9990983078634581,980
lag1,STA-LSTM-H,2,0.9874500723589001,0.9877047756874096,85291,85313,0.9997337192474675,0.0,0.9997421260534737,1062
lag1,STA-LSTM-H,3,0.9868943560057887,0.9870101302460202,85243,85253,0.9998842257597684,0.0,0.9998827020750003,1122
lag1,STA-LSTM-H,4,0.9869638205499276,0.987218523878437,85249,85271,0.9997452966714906,0.0,0.99974199903836,1104
lag1,STA-LSTM-H,5,0.9867322720694646,0.9874963820549928,85229,85295,0.9992127351664255,0.0,0.9992262149012252,1080
lag1,STA-LSTM-H,6,0.9853892908827786,0.9854356005788713,85113,85117,0.9999073806078148,0.001589825119236884,0.999929508793778,1258
lag1,STA-LSTM-H,7,0.9866049204052099,0.9868712011577424,85218,85241,0.9997105643994211,0.0008818342151675485,0.9997184453490691,1134
lag1,STA-LSTM-H,8,0.9803878437047757,0.981082489146165,84681,84741,0.9993053545586107,0.0,0.9992919602081637,1634
lag1,STA-LSTM-H,9,0.9837452966714906,0.9840926193921853,84971,85001,0.9996526772793054,0.0,0.9996470629757297,1374
lag1,STA-LSTM-H,10,0.9896960926193922,0.9897192474674384,85485,85487,0.9999768451519537,0.0,0.9999766046299438,888
lag1,STA-LSTM-H,11,0.9876005788712011,0.9876121562952244,85304,85305,0.9999884225759769,0.0,0.9999882773577164,1070
lag1,STA-LSTM-H,12,0.986616497829233,0.9870101302460202,85219,85253,0.9995369030390738,0.00267379679144385,0.9995659976775011,1122
lag1,STA-LSTM-H,13,0.9886425470332851,0.9887698986975398,85394,85405,0.999849493487699,0.0010309278350515464,0.9998594930039225,970
lag1,STA-LSTM-H,14,0.9876353111432706,0.9891866859623734,85307,85441,0.9980086830680174,0.018201284796573874,0.9982326985873292,934
lag1,STA-LSTM-H,15,0.9865238784370478,0.9865701881331403,85211,85215,0.9999305354558611,0.0008620689655172414,0.9999413248841167,1160
lag1,STA-LSTM-H,16,0.9848914616497829,0.9863154848046309,85070,85193,0.9984138929088278,0.005076142131979695,0.9984857910861221,1182
lag1,STA-LSTM-H,17,0.9860607814761215,0.9861418234442837,85171,85178,0.9998958031837916,0.000835421888053467,0.9999060790344925,1197
lag1,STA-LSTM-H,18,0.9870795947901592,0.9871722141823445,85259,85267,0.9999073806078148,0.0,0.9999061770673296,1108
lag1,STA-LSTM,1,0.988561505065123,0.9886541244573083,85387,85395,0.9999073806078148,0.0,0.9999063177000995,980
lag1,STA-LSTM,2,0.9873458755426917,0.9877047756874096,85282,85313,0.9996410998552822,0.0,0.9996366321662584,1062
lag1,STA-LSTM,3,0.9867554269175108,0.9870101302460202,85231,85253,0.9997452966714906,0.0,0.9997419445650007,1122
lag1,STA-LSTM,4,0.9870332850940665,0.987218523878437,85255,85271,0.9998147612156295,0.0,0.9998123629369892,1104
lag1,STA-LSTM,5,0.9855745296671491,0.9874963820549928,85129,85295,0.9978697539797395,0.008333333333333333,0.9979482970865818,1080
lag1,STA-LSTM,6,0.985342981186686,0.9854356005788713,85109,85117,0.9999073806078148,0.0,0.9999060117250373,1258
lag1,STA-LSTM,7,0.9860839363241679,0.9868712011577424,85173,85241,0.9992127351664255,0.0,0.9992022618223625,1134
lag1,STA-LSTM,8,0.9809667149059335,0.981082489146165,84731,84741,0.9998842257597684,0.0,0.9998819933680273,1634
lag1,STA-LSTM,9,0.9833863965267728,0.9840926193921853,84940,85001,0.9992243125904486,0.002183406113537118,0.9992470676815567,1374
lag1,STA-LSTM,10,0.9896150506512301,0.9897192474674384,85478,85487,0.9998958031837916,0.0,0.9998947208347468,888
lag1,STA-LSTM,11,0.9871837916063676,0.9876121562952244,85268,85305,0.9995716353111432,0.0,0.9995662622355079,1070
lag1,STA-LSTM,12,0.9862228654124457,0.9870101302460202,85185,85253,0.9992011577424024,0.0,0.999202374110002,1122
lag1,STA-LSTM,13,0.9884573082489146,0.9887698986975398,85378,85405,0.9996410998552822,0.002061855670103093,0.999660441426146,970
lag1,STA-LSTM,14,0.9891172214182344,0.9891866859623734,85435,85441,0.9999305354558611,0.0,0.9999297761028078,934
lag1,STA-LSTM,15,0.9864775687409552,0.9865701881331403,85207,85215,0.9998958031837916,0.0,0.9999061198145867,1160
lag1,STA-LSTM,16,0.985643994211288,0.9863154848046309,85135,85193,0.9992358900144718,0.001692047377326565,0.9992957167842428,1182
lag1,STA-LSTM,17,0.9855282199710564,0.9861418234442837,85125,85178,0.9993863965267727,0.0,0.9993777736035127,1197
lag1,STA-LSTM,18,0.9869175108538351,0.9871722141823445,85245,85267,0.9997452966714906,0.0,0.9997419869351566,1108
lag1,LSTM,1,0.9886309696092619,0.9886541244573083,85393,85395,0.9999768451519537,0.0,0.9999765794250249,980
lag1,LSTM,2,0.9876237337192475,0.9877047756874096,85306,85313,0.999918958031838,0.0,0.9999179491988326,1062
lag1,LSTM,3,0.9868596237337193,0.9870101302460202,85240,85253,0.999849493487699,0.0,0.9998475126975004,1122
lag1,LSTM,4,0.9871722141823445,0.987218523878437,85267,85271,0.9999536903039073,0.0,0.9999530907342473,1104
lag1,LSTM,5,0.9874153400868306,0.9874963820549928,85288,85295,0.999918958031838,0.0,0.9999179318834632,1080
lag1,LSTM,6,0.985192474674385,0.9854356005788713,85096,85117,0.9997568740955137,0.0,0.9997532807782229,1258
lag1,LSTM,7,0.986465991316932,0.9868712011577424,85206,85241,0.9995947901591896,0.0,0.9995893994673924,1134
lag1,LSTM,8,0.9807004341534009,0.981082489146165,84708,84741,0.9996179450072359,0.0,0.9996105781144901,1634
lag1,LSTM,9,0.9835021707670043,0.9840926193921853,84950,85001,0.9994095513748191,0.0,0.9994000070587404,1374
lag1,LSTM,10,0.9897192474674384,0.9897192474674384,85487,85487,1.0,0.0,1.0,888
lag1,LSTM,11,0.9875426917510853,0.9876121562952244,85299,85305,0.9999305354558611,0.0,0.9999296641462986,1070
lag1,LSTM,12,0.9869985528219971,0.9870101302460202,85252,85253,0.9999884225759769,0.0,0.9999882702075,1122
lag1,LSTM,13,0.9886309696092619,0.9887698986975398,85393,85405,0.9998610709117222,0.0,0.9998594930039225,970
lag1,LSTM,14,0.9889898697539797,0.9891866859623734,85424,85441,0.9998031837916064,0.0,0.9998010322912887,934
lag1,LSTM,15,0.9865586107091172,0.9865701881331403,85214,85215,0.9999884225759769,0.0,0.9999882649768234,1160
lag1,LSTM,16,0.9861534008683068,0.9863154848046309,85179,85193,0.9998379160636758,0.0,0.9998356672496567,1182
lag1,LSTM,17,0.9860376266280753,0.9861418234442837,85169,85178,0.9998958031837916,0.0,0.9998943389138041,1197
lag1,LSTM,18,0.9870217076700434,0.9871722141823445,85254,85267,0.999849493487699,0.0,0.9998475377344107,1108
lag1,GRU,1,0.9885267727930536,0.9886541244573083,85384,85395,0.9998726483357453,0.0,0.9998711868376369,980
lag1,GRU,2,0.9876816208393633,0.9877047756874096,85311,85313,0.9999768451519537,0.0,0.9999765569139522,1062
lag1,GRU,3,0.9869753979739508,0.9870101302460202,85250,85253,0.9999652677279305,0.0,0.9999648106225001,1122
lag1,GRU,4,0.9871953690303907,0.987218523878437,85269,85271,0.9999768451519537,0.0,0.9999765453671237,1104
lag1,GRU,5,0.9874616497829233,0.9874963820549928,85292,85295,0.9999652677279305,0.0,0.9999648279500557,1080
lag1,GRU,6,0.9854356005788713,0.9854356005788713,85117,85117,1.0,0.0,1.0,1258
lag1,GRU,7,0.9863617945007236,0.9868712011577424,85197,85241,0.9994905933429812,0.0,0.9994838164732933,1134
lag1,GRU,8,0.9806888567293777,0.981082489146165,84707,84741,0.9996063675832128,0.0,0.9995987774512928,1634
lag1,GRU,9,0.9837800289435601,0.9840926193921853,84974,85001,0.9996874095513748,0.0,0.9996823566781567,1374
lag1,GRU,10,0.9897192474674384,0.9897192474674384,85487,85487,1.0,0.0,1.0,888
lag1,GRU,11,0.9875658465991317,0.9876121562952244,85301,85305,0.9999421128798842,0.0,0.9999531094308657,1070
lag1,GRU,12,0.9870101302460202,0.9870101302460202,85253,85253,1.0,0.0,1.0,1122
lag1,GRU,13,0.9887235890014472,0.9887698986975398,85401,85405,0.9999536903039073,0.0,0.9999531643346409,970
lag1,GRU,14,0.9891403762662807,0.9891866859623734,85437,85441,0.9999536903039073,0.0,0.9999531840685385,934
lag1,GRU,15,0.9865701881331403,0.9865701881331403,85215,85215,1.0,0.0,1.0,1160
lag1,GRU,16,0.9862575976845152,0.9863154848046309,85188,85193,0.9999421128798842,0.0,0.9999413097320202,1182
lag1,GRU,17,0.9861302460202604,0.9861418234442837,85177,85178,0.9999884225759769,0.0,0.9999882598793116,1197
lag1,GRU,18,0.987137481910275,0.9871722141823445,85264,85267,0.9999652677279305,0.0,0.9999648164002486,1108
lag1,Transformer,1,0.987959479015919,0.9886541244573083,85335,85395,0.9992011577424024,0.003061224489795918,0.9992622518882839,980
lag1,Transformer,2,0.9875195369030391,0.9877047756874096,85297,85313,0.9998147612156295,0.0,0.9998124553116172,1062
lag1,Transformer,3,0.9867554269175108,0.9870101302460202,85231,85253,0.9997452966714906,0.0,0.9997419445650007,1122
lag1,Transformer,4,0.9871027496382055,0.987218523878437,85261,85271,0.9998842257597684,0.0,0.9998827268356182,1104
lag1,Transformer,5,0.9873690303907381,0.9874963820549928,85284,85295,0.9998263386396526,0.000925925925925926,0.9998593118002228,1080
lag1,Transformer,6,0.9853545586107091,0.9854356005788713,85110,85117,0.999918958031838,0.0,0.9999177602594076,1258
lag1,Transformer,7,0.9868712011577424,0.9868712011577424,85241,85241,1.0,0.0,1.0,1134
lag1,Transformer,8,0.980260492040521,0.981082489146165,84670,84741,0.999178002894356,0.0,0.9991621529129937,1634
lag1,Transformer,9,0.9834905933429812,0.9840926193921853,84949,85001,0.9993516642547033,0.001455604075691412,0.9993647133563135,1374
lag1,Transformer,10,0.9896266280752533,0.9897192474674384,85479,85487,0.9998726483357453,0.0011261261261261261,0.9998947208347468,888
lag1,Transformer,11,0.9869406657018813,0.9876121562952244,85247,85305,0.9993169319826338,0.0,0.9993200867475529,1070
lag1,Transformer,12,0.9869638205499276,0.9870101302460202,85249,85253,0.9999073806078148,0.0017825311942959,0.9999296212450002,1122
lag1,Transformer,13,0.9887235890014472,0.9887698986975398,85401,85405,0.9999536903039073,0.0,0.9999531643346409,970
lag1,Transformer,14,0.9891287988422576,0.9891866859623734,85436,85441,0.9999421128798842,0.0,0.9999414800856732,934
lag1,Transformer,15,0.9863733719247467,0.9865701881331403,85198,85215,0.9997568740955137,0.0017241379310344827,0.9997770345596433,1160
lag1,Transformer,16,0.9861534008683068,0.9863154848046309,85179,85193,0.9998379160636758,0.0,0.9998356672496567,1182
lag1,Transformer,17,0.9857250361794501,0.9861418234442837,85142,85178,0.999548480463097,0.000835421888053467,0.9995656155345277,1197
lag1,Transformer,18,0.9870217076700434,0.9871722141823445,85254,85267,0.9998263386396526,0.0009025270758122744,0.9998358098678269,1108
lag1,1D-CNN,1,0.9883183791606368,0.9886541244573083,85366,85395,0.9995716353111432,0.004081632653061225,0.9996135605129106,980
lag1,1D-CNN,2,0.9875079594790159,0.9877047756874096,85296,85313,0.9996874095513748,0.002824858757062147,0.9997655691395215,1062
lag1,1D-CNN,3,0.9864196816208394,0.9870101302460202,85202,85253,0.9990853835021708,0.008912655971479501,0.9992844826575018,1122
lag1,1D-CNN,4,0.9862228654124457,0.987218523878437,85185,85271,0.998124457308249,0.03260869565217391,0.9985692673945421,1104
lag1,1D-CNN,5,0.9874500723589001,0.9874963820549928,85291,85295,0.9998610709117222,0.003703703703703704,0.9999062078668152,1080
lag1,1D-CNN,6,0.9853892908827786,0.9854356005788713,85113,85117,0.9998610709117222,0.003179650238473768,0.9999060117250373,1258
lag1,1D-CNN,7,0.9864428364688856,0.9868712011577424,85204,85241,0.999479015918958,0.0008818342151675485,0.9995542051360261,1134
lag1,1D-CNN,8,0.9806078147612156,0.981082489146165,84700,84741,0.9994095513748191,0.0018359853121175031,0.9994807708193201,1634
lag1,1D-CNN,9,0.9827033285094067,0.9840926193921853,84881,85001,0.9980318379160636,0.016739446870451237,0.9983176668509782,1374
lag1,1D-CNN,10,0.9896382054992764,0.9897192474674384,85480,85487,0.9998147612156295,0.0045045045045045045,0.9998713254646905,888
lag1,1D-CNN,11,0.9870564399421129,0.9876121562952244,85257,85305,0.9993169319826338,0.003738317757009346,0.9993904226012543,1070
lag1,1D-CNN,12,0.9867206946454414,0.9870101302460202,85228,85253,0.9996989869753979,0.0,0.9997067551875007,1122
lag1,1D-CNN,13,0.9877395079594791,0.9887698986975398,85316,85405,0.9988191027496383,0.003092783505154639,0.998922779696739,970
lag1,1D-CNN,14,0.9883531114327062,0.9891866859623734,85369,85441,0.9989232995658466,0.008565310492505354,0.9990636813707705,934
lag1,1D-CNN,15,0.9861070911722142,0.9865701881331403,85175,85215,0.9993632416787265,0.004310344827586207,0.9994719239570499,1160
lag1,1D-CNN,16,0.9859913169319826,0.9863154848046309,85165,85193,0.9995832127351664,0.0025380710659898475,0.9996361203385254,1182
lag1,1D-CNN,17,0.9853661360347322,0.9861418234442837,85111,85178,0.9984254703328509,0.026733500417710943,0.9988377280518443,1197
lag1,1D-CNN,18,0.9864428364688856,0.9871722141823445,85204,85267,0.999027496382055,0.009025270758122744,0.9991438657393833,1108
