model,animal,trial,best_lag_s,acc_best,acc_lag0,gain_pp
XGBoost,1,1,25,0.86332368268674,0.8510217076700434,1.230197501669661
XGBoost,2,1,40,0.8341344761684137,0.8226222865412446,1.1512189627169156
XGBoost,3,1,30,0.8360530430250739,0.8210477568740955,1.5005286150978403
XGBoost,4,1,50,0.8526151172893136,0.8287698986975398,2.38452185917738
XGBoost,5,1,30,0.8459551798019572,0.8327872648335746,1.3167914968382655
XGBoost,6,1,40,0.8374124051659234,0.8147033285094066,2.270907665651678
XGBoost,7,2,-180,0.8336098381576658,0.728451519536903,10.515831862076276
XGBoost,8,2,-95,0.5375637459434399,0.48947033285094066,4.809341309249926
XGBoost,9,2,-115,0.8265940180848598,0.7437105643994212,8.288345368543858
XGBoost,10,2,15,0.8739925891616489,0.8685267727930536,0.5465816368595333
XGBoost,11,3,10,0.817460776935101,0.8142170767004342,0.3243700234666802
XGBoost,12,3,5,0.8608197290725946,0.8606193921852388,0.020033688735587862
XGBoost,13,3,25,0.8526577880718008,0.8383791606367583,1.427862743504249
XGBoost,14,3,50,0.8624152910512598,0.8309811866859623,3.1434104365297477
XGBoost,15,3,10,0.8361373241475134,0.832590448625181,0.354687552233246
XGBoost,16,3,40,0.8188220304627324,0.7927641099855283,2.605792047720412
XGBoost,17,3,20,0.8492733483874704,0.8361331403762663,1.314020801120408
XGBoost,18,3,0,0.789534008683068,0.789534008683068,0.0
HGB current-second (no context),1,1,50,0.7102924992759919,0.6968451519536903,1.3447347322301573
HGB current-second (no context),2,1,60,0.7415512946764757,0.727768451519537,1.3782843156938784
HGB current-second (no context),3,1,50,0.7596061395887634,0.7367293777134588,2.287676187530463
HGB current-second (no context),4,1,55,0.7487140871177016,0.724040520984081,2.4673566133620595
HGB current-second (no context),5,1,40,0.7573174263045115,0.7381997105643994,1.9117715740112118
HGB current-second (no context),6,1,55,0.7698795180722892,0.7376903039073807,3.2189214164908497
HGB current-second (no context),7,2,-165,0.7366894791787496,0.6687235890014471,6.796589017730248
HGB current-second (no context),8,2,-85,0.4414764167342682,0.41276989869753977,2.8706518036728412
HGB current-second (no context),9,2,-90,0.590728400069537,0.5526483357452967,3.808006432424027
HGB current-second (no context),10,2,25,0.7831036479444122,0.76778002894356,1.5323619000852218
HGB current-second (no context),11,3,20,0.7332638527010595,0.727178002894356,0.6085849806703569
HGB current-second (no context),12,3,20,0.7375716519020323,0.7315774240231548,0.5994227878877489
HGB current-second (no context),13,3,40,0.7201250941101524,0.7020318379160637,1.8093256194088636
HGB current-second (no context),14,3,70,0.7336539018596837,0.705192474674385,2.846142718529876
HGB current-second (no context),15,3,25,0.6906311522872033,0.6822460202604921,0.8385132026711206
HGB current-second (no context),16,3,50,0.7361830292499276,0.7004341534008683,3.574887584905928
HGB current-second (no context),17,3,40,0.7532287021486072,0.7334876989869754,1.9741003161631743
HGB current-second (no context),18,3,5,0.6980201458839875,0.6972387843704776,0.07813615135099372
