animal,trial,quarter,best_lag_s,gain_pp
1,1,1,15,0.9755461932041132
1,1,2,10,0.42368288492214967
1,1,3,20,0.8791533437407018
1,1,4,45,4.026790500819832
2,1,1,25,1.2747343335521522
2,1,2,40,1.7462780439493009
2,1,3,40,1.3949627606766657
2,1,4,20,0.9425935840576716
3,1,1,50,2.6912336840762774
3,1,2,25,1.5999510038078313
3,1,3,40,1.1563554366864182
3,1,4,30,1.5436200202968653
4,1,1,60,2.661300743652706
4,1,2,30,2.813885004097394
4,1,3,50,2.281335536679152
4,1,4,50,2.758698396653958
5,1,1,40,2.84052416162911
5,1,2,40,1.1625594282301033
5,1,3,20,0.9539240001158467
5,1,4,20,1.3370425483248627
6,1,1,45,3.087135248292161
6,1,2,40,1.7776731677133673
6,1,3,35,2.5450974856828457
6,1,4,40,2.1811917533629877
7,2,1,-175,11.726234223619914
7,2,2,-180,11.496929621928265
7,2,3,-185,8.613756416521245
7,2,4,-185,10.087916759341198
8,2,1,-95,6.420701119545735
8,2,2,-105,5.3057959494264
8,2,3,-90,3.9262675787750223
8,2,4,-90,3.880706197278072
9,2,1,-110,8.549503144675107
9,2,2,-120,11.538329439201721
9,2,3,-105,5.624323671328502
9,2,4,-100,7.954245060242604
10,2,1,30,1.3145520614931905
10,2,2,5,0.25615334322526273
10,2,3,10,0.362243750113711
10,2,4,10,0.8037638793448876
11,3,1,10,0.4654602606510405
11,3,2,5,0.10762787516981343
11,3,3,5,0.10929579435260406
11,3,4,10,0.7573051630598848
12,3,1,5,0.24948102292395857
12,3,2,15,0.12284664828124958
12,3,3,0,0.0
12,3,4,-5,0.07953754185104911
13,3,1,20,2.173956281325584
13,3,2,25,1.5352976913333705
13,3,3,30,0.9283735978623198
13,3,4,20,1.1776406823195473
14,3,1,45,2.4615234256239016
14,3,2,50,4.214080210616322
14,3,3,45,2.9315672630090273
14,3,4,70,3.241351941602688
15,3,1,30,0.8681936006857627
15,3,2,10,0.3642684615537517
15,3,3,10,0.03422311640730591
15,3,4,10,0.5045385217970155
16,3,1,35,2.488952064285266
16,3,2,45,3.8928603915505122
16,3,3,30,2.2354576044318786
16,3,4,40,2.021206426180089
17,3,1,25,1.6820859319311765
17,3,2,15,1.9591263611264398
17,3,3,20,0.5730092800851794
17,3,4,15,1.2030396922048214
18,3,1,5,0.0030142678376199328
18,3,2,-5,0.09208372647958596
18,3,3,-10,0.0741974346721519
18,3,4,5,0.03128480078514739
