filter,model,window_s,d_acc_pp,d_ba_pp,d_f1_pp,n_improved_acc,n_improved_ba,p_acc
"majority (causal, trailing)",1D-CNN,5,0.22730342498794054,0.268188266135679,0.24843522182965241,17,17,2.288818359375e-05
"majority (causal, trailing)",1D-CNN,11,0.5141019456504261,0.6126956247782213,0.5656539336500713,17,17,3.814697265625e-05
"majority (causal, trailing)",1D-CNN,31,1.3169963016562152,1.5716655058291105,1.4775593719230808,16,17,0.00014495849609375
"majority (causal, trailing)",1D-CNN,61,1.8204212895963974,2.2528726630907183,2.1106512462285245,14,16,0.0008392333984375
"majority (causal, trailing)",1D-CNN,121,1.039845634346359,1.4753891494022626,1.3936678252666963,12,13,0.0736846923828125
"majority (causal, trailing)",GRU,5,0.1835664897893558,0.22564703601024277,0.20387029528111233,17,17,7.62939453125e-05
"majority (causal, trailing)",GRU,11,0.44740311947258604,0.5475083782213884,0.5017433891359591,15,16,0.00025177001953125
"majority (causal, trailing)",GRU,31,1.2927480302299412,1.5059610777321497,1.419758411677713,16,17,0.00014495849609375
"majority (causal, trailing)",GRU,61,1.9500884386557322,2.3352281101284507,2.21399422030756,17,17,0.00014495849609375
"majority (causal, trailing)",GRU,121,1.403055153561666,1.9174943295422895,1.7880387300750544,12,13,0.03423309326171875
"majority (causal, trailing)",LSTM,5,0.2051133622768918,0.24767721639951482,0.22259323855194202,17,17,1.52587890625e-05
"majority (causal, trailing)",LSTM,11,0.5299887441710893,0.6381461553569161,0.5781964779417413,17,17,2.288818359375e-05
"majority (causal, trailing)",LSTM,31,1.447178002894356,1.7228719165637483,1.5847910024166636,16,16,0.0001068115234375
"majority (causal, trailing)",LSTM,61,2.1883260974433183,2.579283460930709,2.412195977786171,15,15,0.00025177001953125
"majority (causal, trailing)",LSTM,121,1.6394918797234284,2.021202298096216,1.950045284705946,13,14,0.0076904296875
"majority (causal, trailing)",STA-LSTM,5,0.15320791123974967,0.17048421783859755,0.1599432944229154,15,16,0.000152587890625
"majority (causal, trailing)",STA-LSTM,11,0.4246341855603794,0.49317725426432585,0.4576586010204769,16,16,7.62939453125e-05
"majority (causal, trailing)",STA-LSTM,31,1.3023315645602187,1.622826922588204,1.4517901556165906,15,16,0.00025177001953125
"majority (causal, trailing)",STA-LSTM,61,2.0267567132979574,2.5581366497222233,2.2950440458805286,14,16,0.00193023681640625
"majority (causal, trailing)",STA-LSTM,121,1.5533687087956267,2.260449911148713,1.9668686806581737,12,15,0.030364990234375
"majority (causal, trailing)",STA-LSTM-H,5,0.1432384627753651,0.16972687352138516,0.15017479980269954,16,16,0.00014495849609375
"majority (causal, trailing)",STA-LSTM-H,11,0.39331082167550985,0.47100703942499145,0.41715273871701836,15,16,0.00019073486328125
"majority (causal, trailing)",STA-LSTM-H,31,1.2553786782440897,1.5578254261338864,1.3717190400222625,14,16,0.0008392333984375
"majority (causal, trailing)",STA-LSTM-H,61,1.954076218041486,2.522097658733803,2.2094538672089303,15,15,0.00157928466796875
"majority (causal, trailing)",STA-LSTM-H,121,1.2191670686605554,1.8270449783005729,1.5563805542597668,11,11,0.11870574951171875
"majority (causal, trailing)",Transformer,5,0.20723589001447143,0.2483125372945871,0.23057071440069418,15,15,0.00025177001953125
"majority (causal, trailing)",Transformer,11,0.4893391220453446,0.5852389862043832,0.5412157415774419,15,15,0.00019073486328125
"majority (causal, trailing)",Transformer,31,1.2776973789998392,1.564164362327547,1.4209988652456884,14,15,0.0008392333984375
"majority (causal, trailing)",Transformer,61,2.0136999517607332,2.411778677221803,2.27139332432694,15,15,0.00067138671875
"majority (causal, trailing)",Transformer,121,1.3266441550088424,1.6239908071924654,1.6337745846528513,12,13,0.02684783935546875
"majority (causal, trailing)",XGBoost,5,0.2534169480623911,0.29128925854964355,0.27904487546060364,18,18,7.62939453125e-06
"majority (causal, trailing)",XGBoost,11,0.5378356648978936,0.6563020751663644,0.6101954151643906,15,17,0.0001068115234375
"majority (causal, trailing)",XGBoost,31,1.3278662164335095,1.6020892168591254,1.5372256875599741,15,17,0.0001068115234375
"majority (causal, trailing)",XGBoost,61,1.8205499276410992,2.289358436910103,2.1811046430405376,14,17,0.00032806396484375
"majority (causal, trailing)",XGBoost,121,1.140955137481909,1.683079888897626,1.5232733055925864,12,16,0.030364990234375
majority (centred),1D-CNN,5,0.13269014310982444,0.16304029965755812,0.14907761465585112,18,17,7.62939453125e-06
majority (centred),1D-CNN,11,0.2952886316127994,0.3704145782153316,0.33554497532964445,17,18,2.288818359375e-05
majority (centred),1D-CNN,31,0.7917671651390913,0.9614465458592607,0.8919385756823259,17,18,1.52587890625e-05
majority (centred),1D-CNN,61,1.4763145200192946,1.8560059269779816,1.7041134477568665,17,18,1.52587890625e-05
majority (centred),1D-CNN,121,1.9044862518089738,2.3614836085189648,2.1842984082893144,17,18,2.288818359375e-05
majority (centred),GRU,5,0.10291043576137718,0.13677131905716436,0.12178874307656587,18,18,7.62939453125e-06
majority (centred),GRU,11,0.26119954976684495,0.34483283066160847,0.3118830134411166,18,18,7.62939453125e-06
majority (centred),GRU,31,0.8780832931339457,1.0415941119549126,0.9798853793528193,18,18,7.62939453125e-06
majority (centred),GRU,61,1.7070911722141833,2.068723354221816,1.9301993639547734,18,18,7.62939453125e-06
majority (centred),GRU,121,2.1773918636436744,2.6730846527021477,2.4703614366948567,18,18,7.62939453125e-06
majority (centred),LSTM,5,0.11371603151632054,0.14239820839657383,0.1285955589859466,18,18,7.62939453125e-06
majority (centred),LSTM,11,0.3145843383180577,0.3926311321875548,0.355736939898279,18,18,7.62939453125e-06
majority (centred),LSTM,31,0.9999035214664735,1.2222898032411889,1.1191470574210054,18,18,7.62939453125e-06
majority (centred),LSTM,61,1.8951599935680963,2.2614371554845842,2.095162062280452,18,18,7.62939453125e-06
majority (centred),LSTM,121,2.5305676153722447,2.9350612593578624,2.773254246091659,18,18,7.62939453125e-06
majority (centred),STA-LSTM,5,0.06965750120598178,0.08013110925566928,0.07517577446230556,18,18,7.62939453125e-06
majority (centred),STA-LSTM,11,0.21604759607653914,0.2636172037380745,0.24261984976227882,18,18,7.62939453125e-06
majority (centred),STA-LSTM,31,0.7944685640778261,1.0273000289719787,0.9060942890774499,18,18,7.62939453125e-06
majority (centred),STA-LSTM,61,1.7384145360990506,2.2067271416402967,1.9627946524626259,18,18,7.62939453125e-06
majority (centred),STA-LSTM,121,2.336324167872648,3.0185171161958118,2.6668495954404,17,18,1.52587890625e-05
majority (centred),STA-LSTM-H,5,0.04849654285254782,0.06216725727369125,0.054136156430970334,17,18,1.52587890625e-05
majority (centred),STA-LSTM-H,11,0.16529988744170895,0.21408866123211837,0.18430025136636374,17,17,2.288818359375e-05
majority (centred),STA-LSTM-H,31,0.7149059334298111,0.9301719930278958,0.8018928016998229,17,17,5.340576171875e-05
majority (centred),STA-LSTM-H,61,1.571249397009164,2.0431222677863827,1.7693181542110812,17,18,1.52587890625e-05
majority (centred),STA-LSTM-H,121,2.005338478855121,2.577763383549198,2.249120475285581,17,18,2.288818359375e-05
majority (centred),Transformer,5,0.10638366296832223,0.13170461519596555,0.12361794940101885,17,18,3.814697265625e-05
majority (centred),Transformer,11,0.24679208876024974,0.29769776438208034,0.27921537004117974,17,18,1.52587890625e-05
majority (centred),Transformer,31,0.737546229297314,0.9154378574019086,0.825537831244802,18,18,7.62939453125e-06
majority (centred),Transformer,61,1.6268210323203078,1.9235147112557895,1.8061161519962678,18,18,7.62939453125e-06
majority (centred),Transformer,121,2.1928284290078777,2.5078033618108106,2.409532266988553,18,18,7.62939453125e-06
majority (centred),XGBoost,5,0.1544299726644151,0.18038971934458384,0.16788606709519402,18,18,7.62939453125e-06
majority (centred),XGBoost,11,0.29625341694806284,0.38411597099443334,0.34018635041209166,18,18,7.62939453125e-06
majority (centred),XGBoost,31,0.7951760733236862,0.9989555220292866,0.9252064738787895,18,18,7.62939453125e-06
majority (centred),XGBoost,61,1.4210644798199064,1.7976076838329658,1.6503595389034968,18,18,7.62939453125e-06
majority (centred),XGBoost,121,1.9424344749959799,2.487340909327677,2.2579386796380785,18,18,7.62939453125e-06
median (centred),1D-CNN,5,0.13352629040038602,0.16946023581818748,0.15024652327577318,18,18,7.62939453125e-06
median (centred),1D-CNN,11,0.3031998713619551,0.37279508881393564,0.3393035382720686,17,18,2.288818359375e-05
median (centred),1D-CNN,31,0.8181379643029424,0.942435440723443,0.8988469805223175,17,18,1.52587890625e-05
median (centred),1D-CNN,61,1.4975397973950813,1.7853005290219823,1.6826235740616573,17,18,1.52587890625e-05
median (centred),1D-CNN,121,1.9199871361955299,2.2183658398838335,2.1251440984956638,17,18,2.288818359375e-05
median (centred),GRU,5,0.11673902556681376,0.15204108599594707,0.13705750012638104,18,18,7.62939453125e-06
median (centred),GRU,11,0.30345714745136027,0.3811408851819822,0.35845558818410583,18,18,7.62939453125e-06
median (centred),GRU,31,0.9968162083936316,1.129924771031997,1.1066722808577967,18,18,7.62939453125e-06
median (centred),GRU,61,1.8598488502974757,2.1261440377045626,2.080691412100932,18,18,7.62939453125e-06
median (centred),GRU,121,2.3956906255024926,2.7288824667089826,2.658109415635716,18,18,7.62939453125e-06
median (centred),LSTM,5,0.125229136517124,0.15550276333892413,0.1413294236131756,18,18,7.62939453125e-06
median (centred),LSTM,11,0.34571474513587314,0.41925155419004084,0.3886602778949283,18,18,7.62939453125e-06
median (centred),LSTM,31,1.0858980543495738,1.2670969512074661,1.199198716758817,18,18,7.62939453125e-06
median (centred),LSTM,61,1.9978774722624217,2.260623781167614,2.168141890322024,18,18,7.62939453125e-06
median (centred),LSTM,121,2.688792410355362,2.9650348719552695,2.9078681882985307,18,18,7.62939453125e-06
median (centred),STA-LSTM,5,0.0766682746422242,0.08851843818035166,0.08337662770446046,18,18,7.62939453125e-06
median (centred),STA-LSTM,11,0.23103392828429012,0.2740675128138482,0.25968917420874893,18,18,7.62939453125e-06
median (centred),STA-LSTM,31,0.8504904325454242,1.0389286878429889,0.9544612108242428,18,18,7.62939453125e-06
median (centred),STA-LSTM,61,1.7954655089242644,2.143393231056509,1.98690513763722,18,18,7.62939453125e-06
median (centred),STA-LSTM,121,2.375108538350217,2.8064293105588676,2.6259966567826982,17,18,1.52587890625e-05
median (centred),STA-LSTM-H,5,0.04901109503135381,0.06433570863281163,0.05516307179979332,17,18,1.52587890625e-05
median (centred),STA-LSTM-H,11,0.17173178967679584,0.2175381026539247,0.18991376291399234,17,17,3.814697265625e-05
median (centred),STA-LSTM-H,31,0.7364528059173493,0.9250895046728392,0.8170745073964265,17,17,5.340576171875e-05
median (centred),STA-LSTM-H,61,1.5832770541887742,1.9753301603040114,1.7536886884223195,18,18,7.62939453125e-06
median (centred),STA-LSTM-H,121,2.0179450072358898,2.4620760339003906,2.2305275490069203,17,18,3.814697265625e-05
median (centred),Transformer,5,0.11744653481267137,0.14360125023790016,0.13632178797266403,17,18,2.288818359375e-05
median (centred),Transformer,11,0.27322720694645436,0.31902012793111334,0.3087712631918211,17,18,1.52587890625e-05
median (centred),Transformer,31,0.8197459398617144,0.9633693675580799,0.9146232228554195,18,18,7.62939453125e-06
median (centred),Transformer,61,1.761376427078308,1.981170011127504,1.9497663105058807,18,18,7.62939453125e-06
median (centred),Transformer,121,2.3635311143270616,2.5444003205225725,2.5880079808970162,18,18,7.62939453125e-06
median (centred),XGBoost,5,0.11931178646084585,0.15958837141704035,0.14067659712256997,18,18,7.62939453125e-06
median (centred),XGBoost,11,0.24788551214021495,0.314511753257903,0.2831520585927508,17,18,1.52587890625e-05
median (centred),XGBoost,31,0.6983116256632893,0.7834108861062425,0.7708687304604833,18,17,7.62939453125e-06
median (centred),XGBoost,61,1.2225759768451503,1.339396870367995,1.3257940459808044,18,18,7.62939453125e-06
median (centred),XGBoost,121,1.6443158063997423,1.7200444703949473,1.7149141041295757,18,17,7.62939453125e-06
