pair,ms_d,d,ms_p_holm,p_holm,ms_r_rb,r_rb,ms_equiv,equiv_2pp_t_raw,d_mismatch,d_exact,p_mismatch,r_mismatch
XGBoost vs STA-LSTM,3.9,3.87,0.00016,0.00016021728515625,1.0,1.0,False,False,False,3.872262421611192,False,False
XGBoost vs LSTM,3.4,3.45,0.00016,0.00016021728515625,1.0,1.0,False,False,True,3.4512301013024596,False,False
XGBoost vs STA-LSTM-H,3.0,2.95,0.00029,0.0002899169921875,0.99,0.988,False,False,True,2.9452966714905924,False,False
XGBoost vs GRU,3.2,3.23,0.00041,0.0004119873046875,0.98,0.977,False,False,False,3.227464222543818,False,False
XGBoost vs Transformer,2.7,2.7,0.0025,0.00246429443359375,0.92,0.918,False,False,False,2.69606045988101,False,False
XGBoost vs 1D-CNN,1.7,1.7,0.011,0.0107421875,0.85,0.848,False,False,False,1.700659269979097,False,False
1D-CNN vs LSTM,1.8,1.75,0.011,0.0107421875,0.85,0.848,False,False,False,1.7505708313233628,False,False
1D-CNN vs GRU,1.5,1.53,0.056,0.0560760498046875,0.74,0.743,False,False,False,1.5268049525647218,False,False
1D-CNN vs STA-LSTM-H,1.2,1.24,0.16,0.15641021728515625,0.66,0.661,False,False,False,1.2446374015114958,False,False
1D-CNN vs STA-LSTM,2.2,2.17,0.32,0.322174072265625,0.59,0.591,False,False,False,2.1716031516320946,False,False
Transformer vs STA-LSTM,1.2,1.18,0.53,0.53106689453125,0.53,0.532,False,False,False,1.1762019617301813,False,False
Transformer vs STA-LSTM-H,0.2,0.25,0.6,0.599365234375,0.5,0.497,False,False,False,0.24923621160958284,False,False
Transformer vs LSTM,0.8,0.76,0.6,0.599365234375,0.51,0.509,False,False,False,0.7551696414214498,False,False
1D-CNN vs Transformer,1.0,1.0,1.0,1.0,0.28,0.275,False,False,False,0.9954011899019131,False,False
Transformer vs GRU,0.5,0.53,1.0,1.0,0.42,0.415,False,False,False,0.5314037626628086,False,False
STA-LSTM-H vs GRU,0.3,0.28,1.0,1.0,-0.04,-0.041,True,True,False,0.2821675510532257,False,False
STA-LSTM-H vs LSTM,0.5,0.51,1.0,1.0,0.06,0.064,True,True,False,0.5059334298118671,False,False
STA-LSTM-H vs STA-LSTM,0.9,0.93,1.0,1.0,0.26,0.263,False,False,False,0.9269657501205987,False,False
GRU vs LSTM,0.2,0.22,1.0,1.0,-0.03,-0.029,True,True,False,0.22376587875864132,False,False
GRU vs STA-LSTM,0.6,0.64,1.0,1.0,0.18,0.181,False,False,False,0.6447981990673729,False,False
LSTM vs STA-LSTM,0.4,0.42,1.0,1.0,0.15,0.152,False,False,False,0.4210323203087316,False,False
