model,animal,trial,behaviour,halter_min_per_day,predicted_min_per_day,error_min_per_day
XGBoost,1,1,Other,605.6252387843705,631.0992764109985,25.474037626628046
XGBoost,1,1,Ruminating,608.6927930535456,557.8280752532561,-50.864717800289554
XGBoost,1,1,Eating,225.68196816208393,251.0726483357453,25.390680173661366
XGBoost,2,1,Other,529.1030969609261,563.1629522431259,34.059855282199806
XGBoost,2,1,Ruminating,617.411982633864,543.8573661360347,-73.55461649782933
XGBoost,2,1,Eating,293.48492040520983,332.97968162083936,39.494761215629524
XGBoost,3,1,Other,615.5281041968162,671.127525325615,55.59942112879878
XGBoost,3,1,Ruminating,552.5265412445731,531.4371056439942,-21.089435600578895
XGBoost,3,1,Eating,271.9453545586107,237.43536903039075,-34.50998552821994
XGBoost,4,1,Other,679.8633863965267,727.0937192474673,47.23033285094061
XGBoost,4,1,Ruminating,526.1689146164979,511.51467438494933,-14.654240231548556
XGBoost,4,1,Eating,233.96769898697542,201.3916063675832,-32.57609261939223
XGBoost,5,1,Other,655.0228654124458,733.9123589001447,78.88949348769893
XGBoost,5,1,Ruminating,544.6742691751085,467.28520984081047,-77.38905933429805
XGBoost,5,1,Eating,240.30286541244573,238.80243125904485,-1.5004341534008745
XGBoost,6,1,Other,613.1940955137482,709.5386396526773,96.34454413892911
XGBoost,6,1,Ruminating,518.4333429811867,421.70535455861074,-96.72798842257595
XGBoost,6,1,Eating,308.3725615050651,308.756005788712,0.3834442836468952
XGBoost,7,2,Other,522.5178581765557,459.7997105643994,-62.718147612156315
XGBoost,7,2,Ruminating,612.7272937771346,552.226454413893,-60.50083936324165
XGBoost,7,2,Eating,304.7548480463097,427.97383502170766,123.21898697539797
XGBoost,8,2,Other,542.9237626628075,497.26054992764114,-45.663212735166326
XGBoost,8,2,Ruminating,587.4032995658466,138.02327062228653,-449.3800289435601
XGBoost,8,2,Eating,309.67293777134586,804.7161794500723,495.0432416787265
XGBoost,9,2,Other,517.6331114327063,562.1793342981186,44.546222865412346
XGBoost,9,2,Ruminating,596.5226049204052,524.3517221418234,-72.17088277858181
XGBoost,9,2,Eating,325.8442836468885,353.4689435600579,27.624659913169353
XGBoost,10,2,Other,656.53997105644,687.8990448625182,31.359073806078186
XGBoost,10,2,Ruminating,574.199479015919,493.9762662807525,-80.2232127351665
XGBoost,10,2,Eating,209.2605499276411,258.1246888567294,48.864138929088284
XGBoost,11,3,Other,786.760984081042,714.4233863965268,-72.33759768451523
XGBoost,11,3,Ruminating,520.8840520984081,495.0599131693198,-25.824138929088292
XGBoost,11,3,Eating,132.35496382054993,230.5167004341534,98.16173661360347
XGBoost,12,3,Other,643.7362662807526,682.3474384949349,38.61117221418226
XGBoost,12,3,Ruminating,552.376497829233,469.00237337192476,-83.37412445730826
XGBoost,12,3,Eating,243.88723589001447,288.6501881331404,44.76295224312591
XGBoost,13,3,Other,653.4724167872648,722.792474674385,69.32005788712013
XGBoost,13,3,Ruminating,589.1871490593343,592.6714905933429,3.4843415340086494
XGBoost,13,3,Eating,197.34043415340088,124.53603473227207,-72.8043994211288
XGBoost,14,3,Other,750.7672358900145,856.9479594790159,106.18072358900145
XGBoost,14,3,Ruminating,461.66691751085386,429.4575976845152,-32.209319826338685
XGBoost,14,3,Eating,227.5658465991317,153.5944428364689,-73.97140376266282
XGBoost,15,3,Other,641.1188422575976,650.4882199710564,9.369377713458789
XGBoost,15,3,Ruminating,561.6791895803184,471.6698118668597,-90.00937771345872
XGBoost,15,3,Eating,237.20196816208394,317.84196816208396,80.64000000000001
XGBoost,16,3,Other,743.9485962373371,916.448509406657,172.49991316931983
XGBoost,16,3,Ruminating,496.84376266280753,417.4541244573083,-79.38963820549924
XGBoost,16,3,Eating,199.2076410998553,106.09736613603474,-93.11027496382056
XGBoost,17,3,Other,661.7748191027497,661.9915484804632,0.21672937771347733
XGBoost,17,3,Ruminating,590.2874674384949,530.6202026049203,-59.66726483357456
XGBoost,17,3,Eating,187.93771345875544,247.3882489146165,59.45053545586106
XGBoost,18,3,Other,910.3300723589002,847.4785528219971,-62.85151953690308
XGBoost,18,3,Ruminating,345.49997105643996,332.2628075253256,-13.237163531114334
XGBoost,18,3,Eating,184.1699565846599,260.2586396526773,76.08868306801739
1D-CNN,1,1,Other,605.6252387843705,532.3206946454413,-73.30454413892915
1D-CNN,1,1,Ruminating,608.6927930535456,371.1407235890014,-237.55206946454422
1D-CNN,1,1,Eating,225.68196816208393,536.5385817655572,310.85661360347325
1D-CNN,2,1,Other,529.1030969609261,496.7103907380608,-32.392706222865286
1D-CNN,2,1,Ruminating,617.411982633864,528.5529377713458,-88.8590448625182
1D-CNN,2,1,Eating,293.48492040520983,414.7366714905934,121.25175108538355
1D-CNN,3,1,Other,615.5281041968162,610.8600868306802,-4.668017366136041
1D-CNN,3,1,Ruminating,552.5265412445731,459.2162083936324,-93.31033285094065
1D-CNN,3,1,Eating,271.9453545586107,369.92370477568744,97.97835021707675
1D-CNN,4,1,Other,679.8633863965267,684.3646888567293,4.5013024602026235
1D-CNN,4,1,Ruminating,526.1689146164979,403.3167004341534,-122.85221418234448
1D-CNN,4,1,Eating,233.96769898697542,352.31861070911725,118.35091172214183
1D-CNN,5,1,Other,655.0228654124458,702.2865412445731,47.26367583212732
1D-CNN,5,1,Ruminating,544.6742691751085,416.3538060781476,-128.3204630969609
1D-CNN,5,1,Eating,240.30286541244573,321.3596526772793,81.05678726483359
1D-CNN,6,1,Other,613.1940955137482,668.5101013024602,55.316005788712005
1D-CNN,6,1,Ruminating,518.4333429811867,396.36468885672934,-122.06865412445734
1D-CNN,6,1,Eating,308.3725615050651,375.12520984081044,66.75264833574533
1D-CNN,7,2,Other,522.5178581765557,406.5009551374819,-116.01690303907378
1D-CNN,7,2,Ruminating,612.7272937771346,507.33013024602025,-105.39716353111436
1D-CNN,7,2,Eating,304.7548480463097,526.1689146164979,221.4140665701882
1D-CNN,8,2,Other,542.9237626628075,465.73476121562953,-77.18900144717793
1D-CNN,8,2,Ruminating,587.4032995658466,5.418234442836469,-581.9850651230101
1D-CNN,8,2,Eating,309.67293777134586,968.847004341534,659.1740665701882
1D-CNN,9,2,Other,517.6331114327063,546.9749348769899,29.34182344428359
1D-CNN,9,2,Ruminating,596.5226049204052,449.61342981186687,-146.90917510853836
1D-CNN,9,2,Eating,325.8442836468885,443.4116353111433,117.56735166425477
1D-CNN,10,2,Other,656.53997105644,629.7155426917511,-26.824428364688856
1D-CNN,10,2,Ruminating,574.199479015919,447.7295513748191,-126.4699276410999
1D-CNN,10,2,Eating,209.2605499276411,362.55490593342984,153.29435600578873
1D-CNN,11,3,Other,786.760984081042,610.4266280752532,-176.33435600578878
1D-CNN,11,3,Ruminating,520.8840520984081,408.7349348769899,-112.14911722141824
1D-CNN,11,3,Eating,132.35496382054993,420.8384370477569,288.48347322720696
1D-CNN,12,3,Other,643.7362662807526,616.3616787264833,-27.374587554269283
1D-CNN,12,3,Ruminating,552.376497829233,439.16040520984086,-113.21609261939216
1D-CNN,12,3,Eating,243.88723589001447,384.4779160636758,140.59068017366135
1D-CNN,13,3,Other,653.4724167872648,714.4567293777135,60.98431259044867
1D-CNN,13,3,Ruminating,589.1871490593343,517.866512301013,-71.32063675832126
1D-CNN,13,3,Eating,197.34043415340088,207.67675832127352,10.336324167872647
1D-CNN,14,3,Other,750.7672358900145,842.6771635311144,91.9099276410999
1D-CNN,14,3,Ruminating,461.66691751085386,359.53736613603473,-102.12955137481913
1D-CNN,14,3,Eating,227.5658465991317,237.78547033285093,10.219623733719231
1D-CNN,15,3,Other,641.1188422575976,630.7158321273516,-10.403010130246003
1D-CNN,15,3,Ruminating,561.6791895803184,419.7714616497829,-141.9077279305355
1D-CNN,15,3,Eating,237.20196816208394,389.51270622286546,152.31073806078152
1D-CNN,16,3,Other,743.9485962373371,882.8887988422576,138.9402026049205
1D-CNN,16,3,Ruminating,496.84376266280753,346.8503617945007,-149.99340086830682
1D-CNN,16,3,Eating,199.2076410998553,210.26083936324167,11.053198263386378
1D-CNN,17,3,Other,661.7748191027497,614.5278147612156,-47.24700434153408
1D-CNN,17,3,Ruminating,590.2874674384949,489.5916642547033,-100.69580318379161
1D-CNN,17,3,Eating,187.93771345875544,335.88052098408104,147.9428075253256
1D-CNN,18,3,Other,910.3300723589002,857.6981765557164,-52.63189580318385
1D-CNN,18,3,Ruminating,345.49997105643996,261.0755426917511,-84.42442836468888
1D-CNN,18,3,Eating,184.1699565846599,321.22628075253255,137.05632416787265
Transformer,1,1,Other,605.6252387843705,576.1333719247467,-29.49186685962377
Transformer,1,1,Ruminating,608.6927930535456,502.97887120115774,-105.7139218523879
Transformer,1,1,Eating,225.68196816208393,360.88775687409554,135.2057887120116
Transformer,2,1,Other,529.1030969609261,498.0941244573083,-31.008972503617827
Transformer,2,1,Ruminating,617.411982633864,517.6664544138929,-99.7455282199711
Transformer,2,1,Eating,293.48492040520983,424.2394211287989,130.75450072358905
Transformer,3,1,Other,615.5281041968162,653.138986975398,37.610882778581754
Transformer,3,1,Ruminating,552.5265412445731,417.3040810419681,-135.22246020260496
Transformer,3,1,Eating,271.9453545586107,369.5569319826339,97.61157742402321
Transformer,4,1,Other,679.8633863965267,670.9441389290882,-8.919247467438481
Transformer,4,1,Ruminating,526.1689146164979,419.5047178002894,-106.66419681620846
Transformer,4,1,Eating,233.96769898697542,349.5511432706223,115.58344428364686
Transformer,5,1,Other,655.0228654124458,680.4635600578871,25.44069464544134
Transformer,5,1,Ruminating,544.6742691751085,390.67971056439944,-153.99455861070908
Transformer,5,1,Eating,240.30286541244573,368.85672937771346,128.55386396526774
Transformer,6,1,Other,613.1940955137482,713.7731982633863,100.5791027496382
Transformer,6,1,Ruminating,518.4333429811867,331.162489146165,-187.27085383502168
Transformer,6,1,Eating,308.3725615050651,395.0643125904486,86.69175108538349
Transformer,7,2,Other,522.5178581765557,416.5705354558611,-105.94732272069461
Transformer,7,2,Ruminating,612.7272937771346,463.617481910275,-149.10981186685962
Transformer,7,2,Eating,304.7548480463097,559.811982633864,255.0571345875543
Transformer,8,2,Other,542.9237626628075,450.61371924746743,-92.31004341534003
Transformer,8,2,Ruminating,587.4032995658466,11.386628075253256,-576.0166714905934
Transformer,8,2,Eating,309.67293777134586,977.9996526772794,668.3267149059336
Transformer,9,2,Other,517.6331114327063,730.5947322720695,212.96162083936315
Transformer,9,2,Ruminating,596.5226049204052,168.86552821997105,-427.6570767004342
Transformer,9,2,Eating,325.8442836468885,540.5397395079594,214.6954558610709
Transformer,10,2,Other,656.53997105644,640.3352821997106,-16.204688856729376
Transformer,10,2,Ruminating,574.199479015919,434.4590448625181,-139.74043415340088
Transformer,10,2,Eating,209.2605499276411,365.20567293777134,155.94512301013023
Transformer,11,3,Other,786.760984081042,652.9556005788712,-133.8053835021708
Transformer,11,3,Ruminating,520.8840520984081,401.6495513748191,-119.23450072358901
Transformer,11,3,Eating,132.35496382054993,385.3948480463097,253.03988422575975
Transformer,12,3,Other,643.7362662807526,604.5415918958032,-39.194674384949394
Transformer,12,3,Ruminating,552.376497829233,425.3730824891461,-127.00341534008692
Transformer,12,3,Eating,243.88723589001447,410.08532561505064,166.19808972503617
Transformer,13,3,Other,653.4724167872648,631.849493487699,-21.622923299565855
Transformer,13,3,Ruminating,589.1871490593343,523.5181476121563,-65.66900144717795
Transformer,13,3,Eating,197.34043415340088,284.6323589001447,87.29192474674383
Transformer,14,3,Other,750.7672358900145,838.6926772793054,87.92544138929088
Transformer,14,3,Ruminating,461.66691751085386,356.96995658465994,-104.69696092619392
Transformer,14,3,Eating,227.5658465991317,244.33736613603472,16.771519536903014
Transformer,15,3,Other,641.1188422575976,619.3958900144718,-21.72295224312586
Transformer,15,3,Ruminating,561.6791895803184,372.8912301013024,-188.78795947901597
Transformer,15,3,Eating,237.20196816208394,447.71287988422574,210.5109117221418
Transformer,16,3,Other,743.9485962373371,876.2368740955137,132.28827785817657
Transformer,16,3,Ruminating,496.84376266280753,329.3452966714906,-167.49846599131695
Transformer,16,3,Eating,199.2076410998553,234.41782923299564,35.21018813314035
Transformer,17,3,Other,661.7748191027497,644.8032416787265,-16.971577424023167
Transformer,17,3,Ruminating,590.2874674384949,458.8160926193922,-131.47137481910272
Transformer,17,3,Eating,187.93771345875544,336.3806657018813,148.44295224312586
Transformer,18,3,Other,910.3300723589002,756.8523299565846,-153.47774240231558
Transformer,18,3,Ruminating,345.49997105643996,242.13672937771346,-103.3632416787265
Transformer,18,3,Eating,184.1699565846599,441.0109406657019,256.84098408104205
STA-LSTM-H,1,1,Other,605.6252387843705,540.2396526772793,-65.38558610709117
STA-LSTM-H,1,1,Ruminating,608.6927930535456,437.65997105643993,-171.0328219971057
STA-LSTM-H,1,1,Eating,225.68196816208393,462.10037626628076,236.41840810419683
STA-LSTM-H,2,1,Other,529.1030969609261,495.0765846599131,-34.026512301012986
STA-LSTM-H,2,1,Ruminating,617.411982633864,511.78141823444287,-105.63056439942113
STA-LSTM-H,2,1,Eating,293.48492040520983,433.141997105644,139.65707670043417
STA-LSTM-H,3,1,Other,615.5281041968162,638.651461649783,23.12335745296673
STA-LSTM-H,3,1,Ruminating,552.5265412445731,444.5452966714906,-107.9812445730825
STA-LSTM-H,3,1,Eating,271.9453545586107,356.80324167872647,84.85788712011578
STA-LSTM-H,4,1,Other,679.8633863965267,649.9880752532562,-29.87531114327055
STA-LSTM-H,4,1,Ruminating,526.1689146164979,428.1738929088278,-97.9950217076701
STA-LSTM-H,4,1,Eating,233.96769898697542,361.83803183791605,127.87033285094063
STA-LSTM-H,5,1,Other,655.0228654124458,676.5957742402315,21.572908827785795
STA-LSTM-H,5,1,Ruminating,544.6742691751085,413.23623733719245,-131.43803183791607
STA-LSTM-H,5,1,Eating,240.30286541244573,350.16798842257595,109.86512301013022
STA-LSTM-H,6,1,Other,613.1940955137482,671.1108538350218,57.91675832127362
STA-LSTM-H,6,1,Ruminating,518.4333429811867,392.19681620839367,-126.23652677279301
STA-LSTM-H,6,1,Eating,308.3725615050651,376.6923299565847,68.31976845151956
STA-LSTM-H,7,2,Other,522.5178581765557,426.64011577424026,-95.87774240231545
STA-LSTM-H,7,2,Ruminating,612.7272937771346,479.5387554269175,-133.18853835021713
STA-LSTM-H,7,2,Eating,304.7548480463097,533.8211287988423,229.06628075253263
STA-LSTM-H,8,2,Other,542.9237626628075,379.2930824891462,-163.6306801736613
STA-LSTM-H,8,2,Ruminating,587.4032995658466,121.60185238784369,-465.80144717800295
STA-LSTM-H,8,2,Eating,309.67293777134586,939.1050651230101,629.4321273516643
STA-LSTM-H,9,2,Other,517.6331114327063,539.689493487699,22.056382054992696
STA-LSTM-H,9,2,Ruminating,596.5226049204052,489.22489146164975,-107.29771345875548
STA-LSTM-H,9,2,Eating,325.8442836468885,411.08561505065126,85.24133140376273
STA-LSTM-H,10,2,Other,656.53997105644,634.8003473227207,-21.739623733719327
STA-LSTM-H,10,2,Ruminating,574.199479015919,406.66767004341534,-167.53180897250365
STA-LSTM-H,10,2,Eating,209.2605499276411,398.53198263386395,189.27143270622284
STA-LSTM-H,11,3,Other,786.760984081042,622.0966714905933,-164.66431259044873
STA-LSTM-H,11,3,Ruminating,520.8840520984081,404.0169030390738,-116.86714905933434
STA-LSTM-H,11,3,Eating,132.35496382054993,413.8864254703328,281.5314616497829
STA-LSTM-H,12,3,Other,643.7362662807526,535.2215340086831,-108.51473227206952
STA-LSTM-H,12,3,Ruminating,552.376497829233,431.441505065123,-120.93499276411
STA-LSTM-H,12,3,Eating,243.88723589001447,473.3369609261939,229.44972503617944
STA-LSTM-H,13,3,Other,653.4724167872648,632.5496960926193,-20.922720694645477
STA-LSTM-H,13,3,Ruminating,589.1871490593343,479.5720984081042,-109.61505065123009
STA-LSTM-H,13,3,Eating,197.34043415340088,327.8782054992764,130.53777134587554
STA-LSTM-H,14,3,Other,750.7672358900145,772.0567293777134,21.289493487698905
STA-LSTM-H,14,3,Ruminating,461.66691751085386,373.10795947901596,-88.5589580318379
STA-LSTM-H,14,3,Eating,227.5658465991317,294.83531114327064,67.26946454413894
STA-LSTM-H,15,3,Other,641.1188422575976,557.3946164978292,-83.72422575976839
STA-LSTM-H,15,3,Ruminating,561.6791895803184,400.99936324167874,-160.67982633863966
STA-LSTM-H,15,3,Eating,237.20196816208394,481.606020260492,244.40405209840807
STA-LSTM-H,16,3,Other,743.9485962373371,845.0111722141824,101.06257597684521
STA-LSTM-H,16,3,Ruminating,496.84376266280753,342.199015918958,-154.6447467438495
STA-LSTM-H,16,3,Eating,199.2076410998553,252.78981186685962,53.58217076700433
STA-LSTM-H,17,3,Other,661.7748191027497,590.7042547033285,-71.07056439942119
STA-LSTM-H,17,3,Ruminating,590.2874674384949,405.2339218523879,-185.05354558610702
STA-LSTM-H,17,3,Eating,187.93771345875544,444.0618234442837,256.1241099855282
STA-LSTM-H,18,3,Other,910.3300723589002,786.6442836468885,-123.68578871201169
STA-LSTM-H,18,3,Ruminating,345.49997105643996,229.83316931982634,-115.66680173661362
STA-LSTM-H,18,3,Eating,184.1699565846599,423.5225470332851,239.3525904486252
GRU,1,1,Other,605.6252387843705,625.0308538350217,19.40561505065125
GRU,1,1,Ruminating,608.6927930535456,504.41261939218526,-104.28017366136038
GRU,1,1,Eating,225.68196816208393,310.55652677279306,84.87455861070913
GRU,2,1,Other,529.1030969609261,496.2936034732272,-32.80949348769889
GRU,2,1,Ruminating,617.411982633864,534.5713458755426,-82.84063675832135
GRU,2,1,Eating,293.48492040520983,409.1350506512301,115.65013024602024
GRU,3,1,Other,615.5281041968162,578.0005788712011,-37.5275253256151
GRU,3,1,Ruminating,552.5265412445731,435.7927641099855,-116.73377713458757
GRU,3,1,Eating,271.9453545586107,426.20665701881336,154.26130246020267
GRU,4,1,Other,679.8633863965267,830.8737481910275,151.0103617945008
GRU,4,1,Ruminating,526.1689146164979,334.4467727930535,-191.72214182344436
GRU,4,1,Eating,233.96769898697542,274.67947901591896,40.71178002894354
GRU,5,1,Other,655.0228654124458,649.9213892908828,-5.101476121562996
GRU,5,1,Ruminating,544.6742691751085,414.0698118668596,-130.60445730824893
GRU,5,1,Eating,240.30286541244573,376.00879884225765,135.70593342981192
GRU,6,1,Other,613.1940955137482,669.4937192474674,56.29962373371927
GRU,6,1,Ruminating,518.4333429811867,362.7883068017366,-155.64503617945007
GRU,6,1,Eating,308.3725615050651,407.71797395079597,99.34541244573086
GRU,7,2,Other,522.5178581765557,397.11490593342984,-125.40295224312587
GRU,7,2,Ruminating,612.7272937771346,401.3661360347323,-211.36115774240233
GRU,7,2,Eating,304.7548480463097,641.5189580318379,336.7641099855282
GRU,8,2,Other,542.9237626628075,452.4975976845152,-90.42616497829226
GRU,8,2,Ruminating,587.4032995658466,21.82298118668596,-565.5803183791606
GRU,8,2,Eating,309.67293777134586,965.6794211287988,656.0064833574529
GRU,9,2,Other,517.6331114327063,554.076989869754,36.443878437047715
GRU,9,2,Ruminating,596.5226049204052,478.7551953690304,-117.76740955137484
GRU,9,2,Eating,325.8442836468885,407.16781476121565,81.32353111432712
GRU,10,2,Other,656.53997105644,631.9328509406657,-24.60712011577425
GRU,10,2,Ruminating,574.199479015919,426.6234442836469,-147.5760347322721
GRU,10,2,Eating,209.2605499276411,381.4437047756874,172.1831548480463
GRU,11,3,Other,786.760984081042,566.0471201157743,-220.7138639652677
GRU,11,3,Ruminating,520.8840520984081,370.3738350217077,-150.51021707670043
GRU,11,3,Eating,132.35496382054993,503.5790448625181,371.2240810419682
GRU,12,3,Other,643.7362662807526,579.0342112879883,-64.70205499276426
GRU,12,3,Ruminating,552.376497829233,434.07560057887116,-118.30089725036186
GRU,12,3,Eating,243.88723589001447,426.8901881331403,183.00295224312586
GRU,13,3,Other,653.4724167872648,661.9415340086831,8.469117221418287
GRU,13,3,Ruminating,589.1871490593343,453.28115774240234,-135.90599131693193
GRU,13,3,Eating,197.34043415340088,324.7773082489146,127.43687409551373
GRU,14,3,Other,750.7672358900145,861.2158610709117,110.44862518089724
GRU,14,3,Ruminating,461.66691751085386,324.894008683068,-136.77290882778584
GRU,14,3,Eating,227.5658465991317,253.89013024602028,26.324283646888574
GRU,15,3,Other,641.1188422575976,596.7393342981186,-44.37950795947904
GRU,15,3,Ruminating,561.6791895803184,420.1549059334298,-141.5242836468886
GRU,15,3,Eating,237.20196816208394,423.1057597684515,185.90379160636755
GRU,16,3,Other,743.9485962373371,903.2613603473227,159.31276410998555
GRU,16,3,Ruminating,496.84376266280753,330.2789001447178,-166.56486251808974
GRU,16,3,Eating,199.2076410998553,206.45973950795945,7.25209840810416
GRU,17,3,Other,661.7748191027497,595.5056439942114,-66.26917510853832
GRU,17,3,Ruminating,590.2874674384949,388.8291751085384,-201.45829232995652
GRU,17,3,Eating,187.93771345875544,455.6651808972504,267.72746743849495
GRU,18,3,Other,910.3300723589002,818.1700723589001,-92.16000000000008
GRU,18,3,Ruminating,345.49997105643996,211.74460202604922,-133.75536903039074
GRU,18,3,Eating,184.1699565846599,410.08532561505064,225.91536903039074
LSTM,1,1,Other,605.6252387843705,533.5043704775687,-72.12086830680175
LSTM,1,1,Ruminating,608.6927930535456,398.99878437047755,-209.6940086830681
LSTM,1,1,Eating,225.68196816208393,507.4968451519537,281.8148769898698
LSTM,2,1,Other,529.1030969609261,511.3813024602026,-17.72179450072349
LSTM,2,1,Ruminating,617.411982633864,506.19646888567297,-111.21551374819103
LSTM,2,1,Eating,293.48492040520983,422.4222286541244,128.93730824891458
LSTM,3,1,Other,615.5281041968162,625.3976266280753,9.869522431259043
LSTM,3,1,Ruminating,552.5265412445731,433.7088277858176,-118.81771345875546
LSTM,3,1,Eating,271.9453545586107,380.8935455861071,108.94819102749642
LSTM,4,1,Other,679.8633863965267,675.695513748191,-4.167872648335674
LSTM,4,1,Ruminating,526.1689146164979,420.58836468885676,-105.58054992764113
LSTM,4,1,Eating,233.96769898697542,343.71612156295225,109.74842257597683
LSTM,5,1,Other,655.0228654124458,699.7191316931983,44.696266280752525
LSTM,5,1,Ruminating,544.6742691751085,392.847004341534,-151.82726483357453
LSTM,5,1,Eating,240.30286541244573,347.43386396526773,107.130998552822
LSTM,6,1,Other,613.1940955137482,686.2819102749638,73.08781476121567
LSTM,6,1,Ruminating,518.4333429811867,334.7468596237337,-183.68648335745297
LSTM,6,1,Eating,308.3725615050651,418.97123010130247,110.59866859623736
LSTM,7,2,Other,522.5178581765557,411.1523010130246,-111.3655571635311
LSTM,7,2,Ruminating,612.7272937771346,434.19230101302463,-178.53499276410997
LSTM,7,2,Eating,304.7548480463097,594.6553979739508,289.9005499276411
LSTM,8,2,Other,542.9237626628075,479.855513748191,-63.06824891461645
LSTM,8,2,Ruminating,587.4032995658466,33.826454413892904,-553.5768451519538
LSTM,8,2,Eating,309.67293777134586,926.318031837916,616.6450940665702
LSTM,9,2,Other,517.6331114327063,534.8380897250362,17.204978292329884
LSTM,9,2,Ruminating,596.5226049204052,344.0828943560058,-252.43971056439943
LSTM,9,2,Eating,325.8442836468885,561.079015918958,235.2347322720695
LSTM,10,2,Other,656.53997105644,656.9234153400869,0.3834442836468952
LSTM,10,2,Ruminating,574.199479015919,417.4207814761216,-156.7786975397974
LSTM,10,2,Eating,209.2605499276411,365.6558031837916,156.39525325615048
LSTM,11,3,Other,786.760984081042,634.7003183791606,-152.06066570188136
LSTM,11,3,Ruminating,520.8840520984081,370.8573082489146,-150.02674384949353
LSTM,11,3,Eating,132.35496382054993,434.44237337192476,302.08740955137483
LSTM,12,3,Other,643.7362662807526,578.2006367583213,-65.53562952243135
LSTM,12,3,Ruminating,552.376497829233,427.7404341534009,-124.63606367583213
LSTM,12,3,Eating,243.88723589001447,434.05892908827786,190.1716931982634
LSTM,13,3,Other,653.4724167872648,696.1514327062229,42.679015918958044
LSTM,13,3,Ruminating,589.1871490593343,456.3987264833574,-132.78842257597688
LSTM,13,3,Eating,197.34043415340088,287.4498408104197,90.10940665701881
LSTM,14,3,Other,750.7672358900145,834.7582054992764,83.99096960926192
LSTM,14,3,Ruminating,461.66691751085386,334.663502170767,-127.00341534008686
LSTM,14,3,Eating,227.5658465991317,270.5782923299566,43.01244573082488
LSTM,15,3,Other,641.1188422575976,626.2478726483357,-14.87096960926192
LSTM,15,3,Ruminating,561.6791895803184,381.06026049204047,-180.61892908827792
LSTM,15,3,Eating,237.20196816208394,432.6918668596237,195.48989869753976
LSTM,16,3,Other,743.9485962373371,882.9221418234442,138.9735455861071
LSTM,16,3,Ruminating,496.84376266280753,341.3487698986975,-155.49499276411
LSTM,16,3,Eating,199.2076410998553,215.72908827785815,16.52144717800286
LSTM,17,3,Other,661.7748191027497,650.4048625180897,-11.36995658466003
LSTM,17,3,Ruminating,590.2874674384949,406.48428364688857,-183.80318379160633
LSTM,17,3,Eating,187.93771345875544,383.1108538350217,195.17314037626628
LSTM,18,3,Other,910.3300723589002,829.3733140376266,-80.95675832127358
LSTM,18,3,Ruminating,345.49997105643996,238.8524457308249,-106.64752532561505
LSTM,18,3,Eating,184.1699565846599,371.7742402315485,187.6042836468886
STA-LSTM,1,1,Other,605.6252387843705,617.0452098408105,11.419971056439977
STA-LSTM,1,1,Ruminating,608.6927930535456,588.8203762662807,-19.87241678726491
STA-LSTM,1,1,Eating,225.68196816208393,234.13441389290884,8.452445730824905
STA-LSTM,2,1,Other,529.1030969609261,454.1480752532562,-74.95502170766991
STA-LSTM,2,1,Ruminating,617.411982633864,542.4069464544139,-75.00503617945014
STA-LSTM,2,1,Eating,293.48492040520983,443.4449782923299,149.96005788712006
STA-LSTM,3,1,Other,615.5281041968162,637.7845441389292,22.256439942112934
STA-LSTM,3,1,Ruminating,552.5265412445731,442.1779450072359,-110.34859623733718
STA-LSTM,3,1,Eating,271.9453545586107,360.037510853835,88.0921562952243
STA-LSTM,4,1,Other,679.8633863965267,762.2705643994211,82.4071780028944
STA-LSTM,4,1,Ruminating,526.1689146164979,352.03519536903036,-174.13371924746752
STA-LSTM,4,1,Eating,233.96769898697542,325.69424023154846,91.72654124457304
STA-LSTM,5,1,Other,655.0228654124458,659.8742691751086,4.851403762662812
STA-LSTM,5,1,Ruminating,544.6742691751085,409.6185238784371,-135.05574529667143
STA-LSTM,5,1,Eating,240.30286541244573,370.5072069464544,130.20434153400868
STA-LSTM,6,1,Other,613.1940955137482,827.6894934876989,214.49539797395073
STA-LSTM,6,1,Ruminating,518.4333429811867,255.87403762662808,-262.5593053545586
STA-LSTM,6,1,Eating,308.3725615050651,356.4364688856729,48.063907380607816
STA-LSTM,7,2,Other,522.5178581765557,410.4354269175108,-112.08243125904488
STA-LSTM,7,2,Ruminating,612.7272937771346,504.02917510853837,-108.69811866859624
STA-LSTM,7,2,Eating,304.7548480463097,525.5353979739508,220.78054992764112
STA-LSTM,8,2,Other,542.9237626628075,419.33800289435607,-123.5857597684514
STA-LSTM,8,2,Ruminating,587.4032995658466,42.762373371924745,-544.6409261939219
STA-LSTM,8,2,Eating,309.67293777134586,977.8996237337192,668.2266859623733
STA-LSTM,9,2,Other,517.6331114327063,599.9902749638205,82.35716353111422
STA-LSTM,9,2,Ruminating,596.5226049204052,466.26824891461644,-130.2543560057888
STA-LSTM,9,2,Eating,325.8442836468885,373.741476121563,47.897192474674455
STA-LSTM,10,2,Other,656.53997105644,623.980549927641,-32.55942112879893
STA-LSTM,10,2,Ruminating,574.199479015919,311.24005788712014,-262.95942112879885
STA-LSTM,10,2,Eating,209.2605499276411,504.7793921852388,295.5188422575977
STA-LSTM,11,3,Other,786.760984081042,646.6537771345876,-140.10720694645443
STA-LSTM,11,3,Ruminating,520.8840520984081,436.6263386396527,-84.2577134587554
STA-LSTM,11,3,Eating,132.35496382054993,356.71988422575976,224.36492040520983
STA-LSTM,12,3,Other,643.7362662807526,578.1172793053546,-65.618986975398
STA-LSTM,12,3,Ruminating,552.376497829233,425.23971056439945,-127.13678726483357
STA-LSTM,12,3,Eating,243.88723589001447,436.643010130246,192.75577424023155
STA-LSTM,13,3,Other,653.4724167872648,639.0682489146166,-14.404167872648259
STA-LSTM,13,3,Ruminating,589.1871490593343,542.2235600578871,-46.96358900144719
STA-LSTM,13,3,Eating,197.34043415340088,258.7081910274964,61.367756874095534
STA-LSTM,14,3,Other,750.7672358900145,796.4304486251808,45.663212735166326
STA-LSTM,14,3,Ruminating,461.66691751085386,342.6158031837916,-119.05111432706224
STA-LSTM,14,3,Eating,227.5658465991317,300.9537481910275,73.3879015918958
STA-LSTM,15,3,Other,641.1188422575976,618.0621707670043,-23.056671490593317
STA-LSTM,15,3,Ruminating,561.6791895803184,366.4560347322721,-195.2231548480463
STA-LSTM,15,3,Eating,237.20196816208394,455.48179450072365,218.2798263386397
STA-LSTM,16,3,Other,743.9485962373371,904.6450940665702,160.69649782923307
STA-LSTM,16,3,Ruminating,496.84376266280753,350.46807525325613,-146.3756874095514
STA-LSTM,16,3,Eating,199.2076410998553,184.88683068017363,-14.320810419681663
STA-LSTM,17,3,Other,661.7748191027497,563.1796237337193,-98.59519536903042
STA-LSTM,17,3,Ruminating,590.2874674384949,438.9103328509407,-151.37713458755422
STA-LSTM,17,3,Eating,187.93771345875544,437.91004341534006,249.97232995658462
STA-LSTM,18,3,Other,910.3300723589002,771.3731982633865,-138.95687409551374
STA-LSTM,18,3,Ruminating,345.49997105643996,241.08642547033284,-104.41354558610712
STA-LSTM,18,3,Eating,184.1699565846599,427.5403762662807,243.3704196816208
