model,behaviour,hourly_mae_min,hourly_bias_min,hourly_ccc
1D-CNN,Eating,7.2006441223832525,6.563687600644123,0.6866589359219473
1D-CNN,Other,3.2279790660225447,-0.47387278582930753,0.9225267462333556
1D-CNN,Ruminating,6.16549919484702,-6.0898148148148135,0.750473141322809
GRU,Eating,8.007971014492755,7.581400966183575,0.6556840292590322
GRU,Other,3.8140901771336555,-0.601046698872786,0.8935306799312294
GRU,Ruminating,7.005636070853463,-6.98035426731079,0.7262030818586946
LSTM,Eating,8.213848631239935,7.84452495974235,0.6561320671859169
LSTM,Other,3.2355072463768115,-0.42165861513687625,0.9256196454329103
LSTM,Ruminating,7.443800322061192,-7.422866344605475,0.7043405862771163
STA-LSTM,Eating,7.485789049919484,6.928381642512078,0.6723250930528754
STA-LSTM,Other,4.031441223832529,-0.43466183574879236,0.8867161573464042
STA-LSTM,Ruminating,6.629629629629628,-6.493719806763284,0.7396401399212013
STA-LSTM-H,Eating,8.147383252818035,7.831038647342995,0.6691567659325813
STA-LSTM-H,Other,3.5475442834138486,-1.6454508856682772,0.9040109816860515
STA-LSTM-H,Ruminating,6.222222222222222,-6.185587761674717,0.7772338016015576
Transformer,Eating,7.5999597423510465,7.264049919484702,0.6885402706263106
Transformer,Other,3.638365539452496,-0.07556360708534632,0.8966679454416521
Transformer,Ruminating,7.214573268921094,-7.188486312399355,0.702608915905701
XGBoost,Eating,4.077415458937198,1.9087359098228665,0.8158324925823883
XGBoost,Other,3.047181964573269,1.3098228663446054,0.93826283944459
XGBoost,Ruminating,3.732326892109501,-3.218558776167472,0.853207180960242
