animal,model,within_animal_A,within_epochs,loao,gap_pp
1,LSTM,0.9369840810419682,10,0.7616671490593343,17.531693198263387
1,GRU,0.9415918958031838,10,0.8354848046309696,10.610709117221418
1,Transformer,0.8882547033285094,10,0.8351143270622287,5.314037626628076
1,STA-LSTM-H,0.9680347322720694,40,0.8031953690303908,16.483936324167857
1,STA-LSTM,0.9701302460202604,40,0.8218581765557164,14.827206946454407
2,LSTM,0.9192706222865412,10,0.8183039073806078,10.096671490593344
2,GRU,0.9320289435600578,10,0.816821997105644,11.520694645441388
2,Transformer,0.8723473227206945,10,0.8188943560057887,5.345296671490574
2,STA-LSTM-H,0.9601157742402316,40,0.8137192474674385,14.639652677279313
2,STA-LSTM,0.9570361794500724,40,0.7945817655571635,16.24544138929088
3,LSTM,0.9279421128798842,10,0.8175050651230101,11.043704775687402
3,GRU,0.92950506512301,10,0.8074674384949349,12.203762662807517
3,Transformer,0.875739507959479,10,0.8260376266280752,4.970188133140374
3,STA-LSTM-H,0.95827496382055,40,0.8185586107091172,13.971635311143283
3,STA-LSTM,0.9601389290882778,40,0.8203068017366136,13.983212735166417
4,LSTM,0.888821997105644,10,0.8267554269175108,6.206657018813322
4,GRU,0.8959189580318381,10,0.756642547033285,13.927641099855304
4,Transformer,0.8551895803183791,10,0.8300086830680173,2.5180897250361767
4,STA-LSTM-H,0.937806078147612,40,0.806958031837916,13.084804630969593
4,STA-LSTM,0.942657018813314,40,0.7843125904486252,15.834442836468876
5,LSTM,0.9253487698986976,10,0.8265933429811867,9.875542691751093
5,GRU,0.9289725036179451,10,0.8192532561505065,10.971924746743866
5,Transformer,0.885082489146165,10,0.821534008683068,6.354848046309702
5,STA-LSTM-H,0.960069464544139,40,0.8220434153400868,13.802604920405216
5,STA-LSTM,0.9646772793053546,40,0.8221707670043416,14.250651230101308
6,LSTM,0.8901997105643993,10,0.7916410998552822,9.85586107091171
6,GRU,0.8986628075253256,10,0.8125383502170767,8.612445730824891
6,Transformer,0.840231548480463,10,0.7927178002894356,4.751374819102738
6,STA-LSTM-H,0.9479247467438494,40,0.8071664254703329,14.075832127351651
6,STA-LSTM,0.9483878437047756,40,0.7310217076700434,21.73661360347322
7,LSTM,0.8821186685962372,10,0.6723473227206946,20.977134587554257
7,GRU,0.8880231548480463,10,0.6538581765557163,23.416497829232995
7,Transformer,0.8097945007235892,10,0.6997858176555717,11.000868306801747
7,STA-LSTM-H,0.9341128798842258,40,0.7079015918958032,22.62112879884226
7,STA-LSTM,0.9348885672937772,40,0.7136324167872649,22.125615050651238
8,LSTM,0.8647293777134587,10,0.46393053545586105,40.07988422575976
8,GRU,0.8744544138929088,10,0.4486946454413893,42.57597684515195
8,Transformer,0.8041331403762664,10,0.4531751085383502,35.09580318379162
8,STA-LSTM-H,0.927108538350217,40,0.4720926193921852,45.50159189580318
8,STA-LSTM,0.9261476121562952,40,0.4441331403762663,48.20144717800289
9,LSTM,0.8561620839363242,10,0.6813082489146165,17.48538350217077
9,GRU,0.8681910274963821,10,0.7480636758321274,12.01273516642547
9,Transformer,0.8013777134587554,10,0.5792648335745296,22.21128798842258
9,STA-LSTM-H,0.9272474674384948,40,0.7447525325615051,18.249493487698977
9,STA-LSTM,0.9285788712011576,40,0.7427149059334298,18.586396526772774
10,LSTM,0.9512821997105644,10,0.8336208393632417,11.766136034732266
10,GRU,0.954083936324168,10,0.8323936324167872,12.169030390738078
10,Transformer,0.9031895803183791,10,0.842767004341534,6.04225759768452
10,STA-LSTM-H,0.9722952243125904,40,0.8168104196816208,15.548480463096958
10,STA-LSTM,0.9740781476121562,40,0.7511664254703329,22.291172214182332
11,LSTM,0.91610998552822,10,0.7494761215629523,16.663386396526768
11,GRU,0.9295745296671488,10,0.7068133140376266,22.276121562952223
11,Transformer,0.8521678726483358,10,0.7731403762662807,7.902749638205508
11,STA-LSTM-H,0.9674327062228651,40,0.7573603473227207,21.007235890014442
11,STA-LSTM,0.9702807525325616,40,0.7804457308248914,18.983502170767018
12,LSTM,0.94983502170767,10,0.8312706222865412,11.856439942112873
12,GRU,0.9541302460202604,10,0.8423386396526773,11.179160636758311
12,Transformer,0.895166425470333,10,0.8482894356005789,4.687698986975408
12,STA-LSTM-H,0.9721678726483358,40,0.8188480463096961,15.331982633863973
12,STA-LSTM,0.9758842257597684,40,0.8341534008683068,14.17308248914616
13,LSTM,0.9269811866859624,10,0.8061476121562953,12.083357452966714
13,GRU,0.9353863965267728,10,0.8115658465991317,12.382054992764113
13,Transformer,0.888602026049204,10,0.8152590448625181,7.334298118668592
13,STA-LSTM-H,0.9687988422575976,40,0.7935282199710565,17.52706222865411
13,STA-LSTM,0.9662286541244572,40,0.8316410998552822,13.458755426917502
14,LSTM,0.9033632416787264,10,0.7978350217076701,10.552821997105632
14,GRU,0.90572503617945,10,0.8099913169319827,9.573371924746732
14,Transformer,0.8605846599131695,10,0.8313748191027497,2.9209840810419774
14,STA-LSTM-H,0.952069464544139,40,0.8144023154848047,13.76671490593343
14,STA-LSTM,0.95438494934877,40,0.7985180897250361,15.586685962373393
15,LSTM,0.9450882778581766,10,0.7651287988422576,17.9959479015919
15,GRU,0.94983502170767,10,0.8058697539797395,14.39652677279305
15,Transformer,0.8764225759768453,10,0.787589001447178,8.883357452966722
15,STA-LSTM-H,0.9730824891461648,40,0.7764515195369031,19.663096960926175
15,STA-LSTM,0.97383502170767,40,0.7367525325615051,23.70824891461649
16,LSTM,0.8844920405209841,10,0.7790680173661361,10.5424023154848
16,GRU,0.8933719247467439,10,0.7785586107091172,11.481331403762663
16,Transformer,0.8266743849493488,10,0.7838610709117222,4.281331403762656
16,STA-LSTM-H,0.9432127351664256,40,0.7696324167872648,17.358031837916077
16,STA-LSTM,0.9440578871201156,40,0.7704428364688857,17.361505065122994
17,LSTM,0.9097655571635312,10,0.7748538350217077,13.491172214182356
17,GRU,0.915206946454414,10,0.7541765557163531,16.10303907380609
17,Transformer,0.8441910274963821,10,0.8104081041968162,3.3782923299565892
17,STA-LSTM-H,0.9554616497829234,40,0.7622228654124458,19.32387843704776
17,STA-LSTM,0.956341534008683,40,0.7693082489146165,18.70332850940666
18,LSTM,0.9310911722141824,10,0.7776555716353112,15.343560057887117
18,GRU,0.9465470332850942,10,0.7748538350217077,17.169319826338647
18,Transformer,0.8714211287988421,10,0.7618176555716353,10.960347322720686
18,STA-LSTM-H,0.9673053545586108,40,0.7605325615050651,20.677279305354567
18,STA-LSTM,0.9688567293777132,40,0.7521620839363242,21.669464544138894
