metric,comparison,mean_diff_pp,ci95_lo_pp,ci95_hi_pp,n_xgb_higher,p_exact,r_rb,p_holm_within_metric
accuracy,XGBoost - 1D-CNN,1.700659269979097,0.49626988089322854,2.9050486590649656,16,0.00067138671875,0.847953216374269,0.00067138671875
accuracy,XGBoost - Transformer,2.69606045988101,0.8442705391729952,4.547850380589025,15,0.00014495849609375,0.9181286549707602,0.0002899169921875
accuracy,XGBoost - STA-LSTM-H,2.9452966714905924,1.8624461753995296,4.028147167581656,17,1.52587890625e-05,0.9883040935672515,6.103515625e-05
accuracy,XGBoost - GRU,3.227464222543818,1.6768489728233176,4.778079472264318,17,2.288818359375e-05,0.9766081871345029,6.866455078125e-05
accuracy,XGBoost - LSTM,3.4512301013024596,2.1362162398207043,4.766243962784215,18,7.62939453125e-06,1.0,4.57763671875e-05
accuracy,XGBoost - STA-LSTM,3.872262421611192,2.2418273155881163,5.502697527634267,18,7.62939453125e-06,1.0,4.57763671875e-05
balanced_accuracy,XGBoost - 1D-CNN,-1.5283004593298832,-2.3709778960490775,-0.6856230226106887,3,0.00157928466796875,-0.8011695906432749,0.0094757080078125
balanced_accuracy,XGBoost - Transformer,-1.2613820990077789,-3.118081692441237,0.5953174944256793,5,0.030364990234375,-0.5789473684210527,0.1214599609375
balanced_accuracy,XGBoost - STA-LSTM-H,-1.2173681045607183,-2.118912307480309,-0.3158239016411275,4,0.01203155517578125,-0.6608187134502924,0.06015777587890625
balanced_accuracy,XGBoost - GRU,-0.6351492750353566,-1.9686323535059973,0.6983338034352843,7,0.24620819091796875,-0.3216374269005848,0.7386245727539062
balanced_accuracy,XGBoost - LSTM,-0.19720310207121455,-1.5482175259230933,1.153811321780664,9,0.7337265014648438,-0.09941520467836257,1.0
balanced_accuracy,XGBoost - STA-LSTM,0.7209241923711844,-1.1388028643778845,2.5806512491202533,9,0.8650436401367188,0.05263157894736842,1.0
macro_f1,XGBoost - 1D-CNN,0.6762580683946794,-0.6484481187307557,2.000964255520114,10,0.468292236328125,0.2046783625730994,0.6075897216796875
macro_f1,XGBoost - Transformer,1.4805104578323118,-0.7546370615021762,3.7156579771668,11,0.30379486083984375,0.28654970760233917,0.6075897216796875
macro_f1,XGBoost - STA-LSTM-H,1.3174945450188336,0.22029700549101097,2.4146920845466564,12,0.0431671142578125,0.543859649122807,0.17266845703125
macro_f1,XGBoost - GRU,1.8982020476402535,0.37540572306368863,3.4209983722168187,12,0.06653594970703125,0.49707602339181284,0.19960784912109375
macro_f1,XGBoost - LSTM,2.3188731323171625,0.8915388936847457,3.7462073709495796,12,0.0055999755859375,0.7192982456140351,0.0279998779296875
macro_f1,XGBoost - STA-LSTM,2.9359080690070054,1.032158229720901,4.839657908293109,14,0.00336456298828125,0.7543859649122807,0.0201873779296875
kappa,XGBoost - 1D-CNN,1.674388900057539,0.06740289265193614,3.2813749074631415,12,0.0599365234375,0.5087719298245614,0.0599365234375
kappa,XGBoost - Transformer,2.9595190269872838,0.35933612520894603,5.559701928765621,15,0.00128936767578125,0.8128654970760234,0.0025787353515625
kappa,XGBoost - STA-LSTM-H,3.3476123307811236,1.8413574719216426,4.853867189640606,16,3.814697265625e-05,0.9649122807017544,0.0002288818359375
kappa,XGBoost - GRU,3.864084262757894,1.7401204374801675,5.988048088035621,16,7.62939453125e-05,0.9415204678362573,0.0003814697265625
kappa,XGBoost - LSTM,4.187111987218752,2.328378685640129,6.045845288797376,16,0.00014495849609375,0.9181286549707602,0.00043487548828125
kappa,XGBoost - STA-LSTM,5.010263916753879,2.570841256555212,7.449686576952547,15,0.0001068115234375,0.9298245614035088,0.00042724609375
recall_Eating,XGBoost - 1D-CNN,-14.567176857335332,-17.860712124903014,-11.27364158976765,0,7.62939453125e-06,-1.0,4.57763671875e-05
recall_Eating,XGBoost - Transformer,-17.237123301745562,-20.341987636629057,-14.132258966862066,0,7.62939453125e-06,-1.0,4.57763671875e-05
recall_Eating,XGBoost - STA-LSTM-H,-17.34725156677345,-20.839667031846272,-13.854836101700629,0,7.62939453125e-06,-1.0,4.57763671875e-05
recall_Eating,XGBoost - GRU,-16.423671770955707,-20.39426298986236,-12.453080552049059,0,7.62939453125e-06,-1.0,4.57763671875e-05
recall_Eating,XGBoost - LSTM,-15.420956115088897,-18.740301537654297,-12.101610692523494,0,7.62939453125e-06,-1.0,4.57763671875e-05
recall_Eating,XGBoost - STA-LSTM,-12.416089087264446,-17.04867599425766,-7.783502180271232,2,0.00025177001953125,-0.8947368421052632,0.00025177001953125
recall_Ruminating,XGBoost - 1D-CNN,6.245712370486094,3.8530693579858983,8.63835538298629,18,7.62939453125e-06,1.0,4.57763671875e-05
recall_Ruminating,XGBoost - Transformer,9.789199320811122,4.987666365998157,14.590732275624084,18,7.62939453125e-06,1.0,4.57763671875e-05
recall_Ruminating,XGBoost - STA-LSTM-H,7.163106216786411,4.785913464905633,9.540298968667187,17,5.340576171875e-05,0.9532163742690059,5.340576171875e-05
recall_Ruminating,XGBoost - GRU,9.822963155294053,6.646247819227999,12.999678491360106,18,7.62939453125e-06,1.0,4.57763671875e-05
recall_Ruminating,XGBoost - LSTM,10.838743838725723,8.578973627531743,13.098514049919702,18,7.62939453125e-06,1.0,4.57763671875e-05
recall_Ruminating,XGBoost - STA-LSTM,9.438921187919977,5.407552805465865,13.470289570374089,17,1.52587890625e-05,0.9883040935672515,4.57763671875e-05
precision_Eating,XGBoost - 1D-CNN,7.891613602248102,5.4149752148231105,10.368251989673093,17,1.52587890625e-05,0.9883040935672515,4.57763671875e-05
precision_Eating,XGBoost - Transformer,8.57597884901663,6.83125281270417,10.320704885329091,18,7.62939453125e-06,1.0,4.57763671875e-05
precision_Eating,XGBoost - STA-LSTM-H,10.633668424905482,7.769800382543189,13.497536467267773,18,7.62939453125e-06,1.0,4.57763671875e-05
precision_Eating,XGBoost - GRU,9.373935547647228,6.971573573968068,11.77629752132639,18,7.62939453125e-06,1.0,4.57763671875e-05
precision_Eating,XGBoost - LSTM,11.190522493375259,8.539498855732896,13.84154613101762,18,7.62939453125e-06,1.0,4.57763671875e-05
precision_Eating,XGBoost - STA-LSTM,10.235571377488863,7.018849437577594,13.452293317400132,18,7.62939453125e-06,1.0,4.57763671875e-05
