pair,mean_diff_pp,wilcoxon_p,wilcoxon_p_holm,r_rb,tost_ci90_pp,tost_p,equivalent_2pp
LSTM vs GRU,-0.22,0.9323,0.9323,0.029,"[-1.63, 1.19]",0.0213,True
LSTM vs Transformer,-0.76,0.0599,0.2396,-0.509,"[-2.16, 0.65]",0.0707,False
LSTM vs 1D-CNN,-1.75,0.0007,0.0049,-0.848,"[-2.56, -0.94]",0.3002,False
LSTM vs XGBoost,-3.45,0.0,0.0,-1.0,"[-4.54, -2.37]",0.9838,False
GRU vs Transformer,-0.53,0.1297,0.3891,-0.415,"[-2.64, 1.58]",0.1211,False
GRU vs 1D-CNN,-1.53,0.004,0.02,-0.743,"[-2.87, -0.19]",0.2738,False
GRU vs XGBoost,-3.23,0.0,0.0,-0.977,"[-4.51, -1.95]",0.9434,False
Transformer vs 1D-CNN,-1.0,0.3247,0.6494,-0.275,"[-2.83, 0.84]",0.1766,False
Transformer vs XGBoost,-2.7,0.0001,0.0008,-0.918,"[-4.22, -1.17]",0.7807,False
1D-CNN vs XGBoost,-1.7,0.0007,0.0049,-0.848,"[-2.69, -0.71]",0.3034,False
