pair,d_pp,p,r_rb,tost_p,p_holm,sig,equiv
XGBoost vs 1D-CNN,1.7,0.00067138671875,0.848,0.3034,0.0107421875,True,False
XGBoost vs Transformer,2.7,0.00014495849609375,0.918,0.7807,0.00246429443359375,True,False
XGBoost vs STA-LSTM-H,2.95,1.52587890625e-05,0.988,0.9585,0.0002899169921875,True,False
XGBoost vs GRU,3.23,2.288818359375e-05,0.977,0.9434,0.0004119873046875,True,False
XGBoost vs LSTM,3.45,7.62939453125e-06,1.0,0.9838,0.00016021728515625,True,False
XGBoost vs STA-LSTM,3.87,7.62939453125e-06,1.0,0.9866,0.00016021728515625,True,False
1D-CNN vs Transformer,1.0,0.32472991943359375,0.275,0.1766,1.0,False,False
1D-CNN vs STA-LSTM-H,1.24,0.01203155517578125,0.661,0.0785,0.15641021728515625,False,False
1D-CNN vs GRU,1.53,0.00400543212890625,0.743,0.2738,0.0560760498046875,False,False
1D-CNN vs LSTM,1.75,0.00067138671875,0.848,0.3002,0.0107421875,True,False
1D-CNN vs STA-LSTM,2.17,0.02684783935546875,0.591,0.5726,0.322174072265625,False,False
Transformer vs STA-LSTM-H,0.25,0.06653594970703125,0.497,0.0594,0.599365234375,False,False
Transformer vs GRU,0.53,0.12973785400390625,0.415,0.1211,1.0,False,False
Transformer vs LSTM,0.76,0.0599365234375,0.509,0.0707,0.599365234375,False,False
Transformer vs STA-LSTM,1.18,0.04827880859375,0.532,0.2547,0.53106689453125,False,False
STA-LSTM-H vs GRU,0.28,0.8985748291015625,-0.041,0.0069,1.0,False,True
STA-LSTM-H vs LSTM,0.51,0.83172607421875,0.064,0.0065,1.0,False,True
STA-LSTM-H vs STA-LSTM,0.93,0.34654998779296875,0.263,0.0705,1.0,False,False
GRU vs LSTM,0.22,0.932281494140625,-0.029,0.0213,1.0,False,True
GRU vs STA-LSTM,0.64,0.522613525390625,0.181,0.0922,1.0,False,False
LSTM vs STA-LSTM,0.42,0.5712430483673425,0.152,0.05,1.0,False,False
