family,metric,A,B,n,mean_A,mean_B,diff_pp,ci_lo_pp,ci_hi_pp,sd_diff_pp,p,p_method,r_rb,reversals,zeros,min_pp,max_pp,p_holm
ladder:STA-LSTM-H (accel),accuracy,A,B,18,0.9542704614889854,0.7675060299083454,18.676443158064,16.533442708437217,20.81944360769078,4.309372343073965,0.00019609335453373022,approx(ties),1.0,0,0,12.685383502170778,27.921273516642554,0.0011765601272023813
ladder:STA-LSTM-H (accel),accuracy,A,C,18,0.9542704614889854,0.7372182022833254,21.705225920566008,17.985342343005286,25.42510949812673,7.480335998710129,7.62939453125e-06,exact,1.0,0,0,10.946454413892903,35.58668596237338,0.00012969970703125
ladder:STA-LSTM-H (accel),accuracy,A,D,18,0.9542704614889854,0.7530149541726966,20.125550731628884,15.970724684701306,24.28037677855646,8.354964395845672,7.62939453125e-06,exact,1.0,0,0,9.545586107091165,37.53632416787265,0.00012969970703125
ladder:STA-LSTM-H (accel),accuracy,B,C,18,0.7675060299083454,0.7372182022833254,3.0287827625020087,0.2017687610464565,5.855796763957561,5.684859260518172,0.05385589599609375,exact,0.52046783625731,6,0,-4.936613603473228,13.494645441389297,0.215423583984375
ladder:STA-LSTM-H (accel),accuracy,Deq,D,18,0.7301817012381412,0.7530149541726966,-2.2833252934555395,-4.5460224346031834,-0.020628152307896122,4.550071131582055,0.0365358777975913,approx(ties),-0.5614035087719298,4,0,-9.840810419681622,7.959479015918958,0.1826793889879565
ladder:STA-LSTM-H (accel),accuracy,A,M_L1_g0,18,0.9542704614889854,0.9448400064319021,0.9430455057083139,0.779455996851525,1.106635014565103,0.3289631158067534,7.62939453125e-06,exact,1.0,0,0,0.39015918958030804,1.5479015918958061,0.00012969970703125
ladder:STA-LSTM-H (accel),accuracy,M_L1_g0,M_L25_g0,18,0.9448400064319021,0.8326476925550732,11.219231387682903,10.077974255749849,12.36048851961596,2.2949607507290732,7.62939453125e-06,exact,1.0,0,0,8.896092619392181,16.27091172214181,0.00012969970703125
ladder:STA-LSTM-H (accel),accuracy,M_L25_g0,M_L25_g26,18,0.8326476925550732,0.787701559736292,4.494613281878116,3.836631714642453,5.152594849113779,1.3231390448805775,7.62939453125e-06,exact,1.0,0,0,2.6373371924746647,7.221997105643996,0.00012969970703125
ladder:STA-LSTM-H (accel),accuracy,M_L25_g26,M_L300_g26,18,0.787701559736292,0.7846766417763779,0.30249179599141024,-0.012870513310449467,0.6178541052932699,0.6341639424247685,0.06653594970703125,exact,0.49707602339181284,6,0,-0.9394661038239049,1.247191448886198,0.215423583984375
ladder:STA-LSTM-H (accel),accuracy,M_L300_g26,M_L3600_g26,18,0.7846766417763779,0.7683188108484006,1.6357830927977361,0.7791017130328904,2.492464472562582,1.7227056790529445,1.52587890625e-05,exact,0.9883040935672515,1,0,-0.17361740620492894,5.7674600500466795,0.00012969970703125
ladder:STA-LSTM-H (accel),accuracy,M_L3600_g26,M_L17280_g26,18,0.7683188108484006,0.7666169226311214,0.17018882172791364,-0.5888285655312937,0.9292062089871209,1.5263125759664384,0.8985748291015625,exact,0.04093567251461988,8,0,-2.4243741369130323,3.5595160340072707,1.0
ladder:STA-LSTM-H (accel),accuracy,M_L25_g26,M_L17280_g26,18,0.787701559736292,0.7666169226311214,2.10846371051706,1.3650607099285825,2.851866711105537,1.4949135129916147,2.288818359375e-05,exact,0.9766081871345029,1,0,-0.32772081437384415,4.837502307397557,0.00016021728515625
ladder:STA-LSTM-H (accel),accuracy,M_L1_g0,M_L17280_g26,18,0.9448400064319021,0.7666169226311214,17.82230838007808,15.949748623561943,19.694868136594216,3.7655415456815855,7.62939453125e-06,exact,1.0,0,0,11.951295104584181,26.293803767604928,0.00012969970703125
ladder:STA-LSTM-H (accel),accuracy,M_L17280_g26,B,18,0.7666169226311214,0.7675060299083454,-0.08891072772239723,-0.6583430681085455,0.48052161266375104,1.1450748782340714,0.8985748291015625,exact,-0.04093567251461988,9,0,-2.430305725555526,1.7770233735159513,1.0
ladder:STA-LSTM-H (accel),accuracy,A_e5,B_e5,18,0.8599157420807203,0.7853783566489789,7.453738543174142,6.4747220516517405,8.432755034696543,1.9687100824989083,7.62939453125e-06,exact,1.0,0,0,3.2081041968162083,10.505354558610701,0.00012969970703125
ladder:STA-LSTM-H (accel),accuracy,A_e10,B_e10,18,0.9083929892265638,0.7746698826177842,13.372310660877954,11.724483154392509,15.020138167363397,3.3136261281893877,7.62939453125e-06,exact,1.0,0,0,6.798263386396542,20.17018813314038,0.00012969970703125
ladder:STA-LSTM-H (accel),accuracy,A_e20,B_e20,18,0.940084901109503,0.7719048078469206,16.81800932625824,15.04360708626871,18.592411566247772,3.568156012207592,7.62939453125e-06,exact,1.0,0,0,12.03125904486253,24.449204052098406,0.00012969970703125
ladder:STA-LSTM-H (accel),balanced_accuracy,A,B,18,0.9506926271988595,0.6947462147679229,25.59464124309364,23.905009217095525,27.28427326909176,3.3976910849815236,7.62939453125e-06,exact,1.0,0,0,20.153995148134772,31.47700662687586,0.00012969970703125
ladder:STA-LSTM-H (accel),balanced_accuracy,A,C,18,0.9506926271988595,0.7033883129037972,24.73043142950622,21.353388226149757,28.107474632862672,6.790916252231642,7.62939453125e-06,exact,1.0,0,0,14.360952719382636,36.05333112635446,0.00012969970703125
ladder:STA-LSTM-H (accel),balanced_accuracy,A,D,18,0.9506926271988595,0.7411234875192905,20.95691396795689,16.86900231567608,25.0448256202377,8.220405841882453,7.62939453125e-06,exact,1.0,0,0,10.911069803838569,35.195012470916176,0.00012969970703125
ladder:STA-LSTM-H (accel),balanced_accuracy,B,C,18,0.6947462147679229,0.7033883129037972,-0.8642098135874224,-3.4137404947293635,1.685320867554519,5.126866402218931,0.6396942138671875,exact,-0.13450292397660818,9,0,-10.274070562652026,8.400844383316642,1.0
ladder:STA-LSTM-H (accel),balanced_accuracy,Deq,D,18,0.6943929210553869,0.7411234875192905,-4.673056646390352,-6.270102397796179,-3.0760108949845244,3.2115087950311185,7.62939453125e-05,exact,-0.9415204678362573,2,0,-10.844630515683152,0.32627382325738363,0.0003814697265625
ladder:STA-LSTM-H (accel),balanced_accuracy,A,M_L1_g0,18,0.9506926271988595,0.939719075161714,1.0973552037145204,0.9067987651941812,1.2879116422348598,0.38319107497025406,7.62939453125e-06,exact,1.0,0,0,0.4916738136620191,2.2028373045527294,0.00012969970703125
ladder:STA-LSTM-H (accel),balanced_accuracy,M_L1_g0,M_L25_g0,18,0.939719075161714,0.8000629485370498,13.96561266246642,12.83200430503435,15.09922101989849,2.2795797846174253,7.62939453125e-06,exact,1.0,0,0,10.826168296710115,17.701600337918133,0.00012969970703125
ladder:STA-LSTM-H (accel),balanced_accuracy,M_L25_g0,M_L25_g26,18,0.8000629485370498,0.7414517294959297,5.861121904112024,5.193498719557824,6.528745088666225,1.3425274304603594,7.62939453125e-06,exact,1.0,0,0,4.1976436440888225,8.0236943907253,0.00012969970703125
ladder:STA-LSTM-H (accel),balanced_accuracy,M_L25_g26,M_L300_g26,18,0.7414517294959297,0.7369485978982839,0.45031315976457165,-0.02247169477888767,0.923098014308031,0.9507258744386446,0.0599365234375,exact,0.5087719298245614,4,0,-1.5835127398830418,1.8879751653593901,0.1798095703125
ladder:STA-LSTM-H (accel),balanced_accuracy,M_L300_g26,M_L3600_g26,18,0.7369485978982839,0.7101564938874689,2.6792104010815,1.7002498721414305,3.658170930021569,1.968597547009433,1.52587890625e-05,exact,0.9883040935672515,1,0,-0.4584973405452164,6.986175482506463,0.00012969970703125
ladder:STA-LSTM-H (accel),balanced_accuracy,M_L3600_g26,M_L17280_g26,18,0.7101564938874689,0.6936097343997498,1.6546759487719214,0.9577501791594466,2.351601718384396,1.4014521729412532,0.00025177001953125,exact,0.8947368421052632,2,0,-1.382191454869397,3.9732129331521926,0.001007080078125
ladder:STA-LSTM-H (accel),balanced_accuracy,M_L25_g26,M_L17280_g26,18,0.7414517294959297,0.6936097343997498,4.784199509617993,3.8539267518955826,5.714472267340404,1.8706910184467203,7.62939453125e-06,exact,1.0,0,0,1.7073616262193614,7.823483368724338,0.00012969970703125
ladder:STA-LSTM-H (accel),balanced_accuracy,M_L1_g0,M_L17280_g26,18,0.939719075161714,0.6936097343997498,24.610934076196436,23.07978926989587,26.142078882497,3.0789881927752907,7.62939453125e-06,exact,1.0,0,0,18.99025849339292,29.86854283821637,0.00012969970703125
ladder:STA-LSTM-H (accel),balanced_accuracy,M_L17280_g26,B,18,0.6936097343997498,0.6947462147679229,-0.11364803681731724,-0.6869713581310579,0.4596752844964235,1.1528992749110365,0.8985748291015625,exact,-0.04093567251461988,9,0,-2.477870042418673,1.6389289453366929,1.0
ladder:STA-LSTM-H (accel),balanced_accuracy,A_e5,B_e5,18,0.8563949413622792,0.7240447016518001,13.235023971047916,11.929732983004266,14.540314959091566,2.624817407069899,7.62939453125e-06,exact,1.0,0,0,9.171283688010945,17.802500572492917,0.00012969970703125
ladder:STA-LSTM-H (accel),balanced_accuracy,A_e10,B_e10,18,0.9035098425783256,0.7024896470407583,20.102019553756712,18.41055501921153,21.793484088301895,3.4013760873120398,7.62939453125e-06,exact,1.0,0,0,13.048964144079257,24.651090298436117,0.00012969970703125
ladder:STA-LSTM-H (accel),balanced_accuracy,A_e20,B_e20,18,0.935961282880472,0.6979647739745685,23.799650890590332,22.220064449305077,25.379237331875586,3.1763997645239876,7.62939453125e-06,exact,1.0,0,0,18.50773089512907,27.88029041604191,0.00012969970703125
ladder:STA-LSTM-H (accel),f1_macro,A,B,18,0.9448682594384855,0.6864362461030666,25.843201333541888,24.173592111380504,27.512810555703272,3.3574271097220527,7.62939453125e-06,exact,1.0,0,0,19.680831849562885,32.24369320278362,0.00012969970703125
ladder:STA-LSTM-H (accel),f1_macro,A,C,18,0.9448682594384855,0.6978243560403463,24.70439033981392,21.13729942147292,28.271481258154918,7.173084332019683,7.62939453125e-06,exact,1.0,0,0,14.762631506314206,38.024203437211476,0.00012969970703125
ladder:STA-LSTM-H (accel),f1_macro,A,D,18,0.9448682594384855,0.7216227084068748,22.324555103161078,17.62138438255431,27.027725823767845,9.45763395974453,7.62939453125e-06,exact,1.0,0,0,11.661266039492691,45.46995007871368,0.00012969970703125
ladder:STA-LSTM-H (accel),f1_macro,B,C,18,0.6864362461030666,0.6978243560403463,-1.1388109937279733,-3.8529965114897538,1.5753745240338068,5.457971791957169,0.44229888916015625,exact,-0.21637426900584794,9,0,-10.293549018772408,11.844298022996258,0.8845977783203125
ladder:STA-LSTM-H (accel),f1_macro,Deq,D,18,0.6892832712400777,0.7216227084068748,-3.2339437166797014,-5.1740016347028694,-1.2938857986565324,3.9012739998942734,0.00336456298828125,exact,-0.7543859649122807,4,0,-8.845090597984607,3.728375755085178,0.0140380859375
ladder:STA-LSTM-H (accel),f1_macro,A,M_L1_g0,18,0.9448682594384855,0.9333042046017646,1.1564054836720898,0.9347409681877673,1.3780699991564123,0.44574649185696175,7.62939453125e-06,exact,1.0,0,0,0.5407312385583563,2.082832243910726,0.00012969970703125
ladder:STA-LSTM-H (accel),f1_macro,M_L1_g0,M_L25_g0,18,0.9333042046017646,0.7936379370816562,13.966626752010841,12.919667788646164,15.013585715375518,2.105336003005916,7.62939453125e-06,exact,1.0,0,0,11.332355020172535,17.7843773327788,0.00012969970703125
ladder:STA-LSTM-H (accel),f1_macro,M_L25_g0,M_L25_g26,18,0.7936379370816562,0.7374704702951412,5.6167466786514915,4.939613626405302,6.293879730897681,1.3616508799329363,7.62939453125e-06,exact,1.0,0,0,3.8216059167246907,7.745151607276668,0.00012969970703125
ladder:STA-LSTM-H (accel),f1_macro,M_L25_g26,M_L300_g26,18,0.7374704702951412,0.7315792870931666,0.5891183201974866,0.1788931054021654,0.9993435349928078,0.8249243229876179,0.0076904296875,exact,0.695906432748538,5,0,-0.9065051246004208,1.866626192391685,0.0230712890625
ladder:STA-LSTM-H (accel),f1_macro,M_L300_g26,M_L3600_g26,18,0.7315792870931666,0.7024583381527211,2.912094894044538,1.842775873988918,3.9814139141001585,2.150299973923559,7.62939453125e-06,exact,1.0,0,0,0.32993284072045936,7.055670542311532,0.00012969970703125
ladder:STA-LSTM-H (accel),f1_macro,M_L3600_g26,M_L17280_g26,18,0.7024583381527211,0.6856474789705602,1.6810859182160798,0.7546450425261544,2.607526793906005,1.8629854640892347,0.0028076171875,exact,0.7660818713450293,3,0,-1.9740793678773016,4.574122666548597,0.0140380859375
ladder:STA-LSTM-H (accel),f1_macro,M_L25_g26,M_L17280_g26,18,0.7374704702951412,0.6856474789705602,5.1822991324581045,4.228160601664252,6.136437663251956,1.9186828433845358,7.62939453125e-06,exact,1.0,0,0,2.112134733271942,8.069124157407126,0.00012969970703125
ladder:STA-LSTM-H (accel),f1_macro,M_L1_g0,M_L17280_g26,18,0.9333042046017646,0.6856474789705602,24.76567256312043,23.20694381824618,26.324401307994684,3.1344568988239465,7.62939453125e-06,exact,1.0,0,0,18.64700919750876,29.82478871984291,0.00012969970703125
ladder:STA-LSTM-H (accel),f1_macro,M_L17280_g26,B,18,0.6856474789705602,0.6864362461030666,-0.0788767132506338,-0.7237150538756254,0.5659616273743577,1.2967092523601675,0.932281494140625,exact,-0.029239766081871343,9,0,-2.868825343038728,1.8731429187630932,0.932281494140625
ladder:STA-LSTM-H (accel),f1_macro,A_e5,B_e5,18,0.832116249286267,0.7094792444396069,12.263700484666012,10.987673400813803,13.539727568518224,2.5659704481740557,7.62939453125e-06,exact,1.0,0,0,7.9582850691884754,16.221157295941467,0.00012969970703125
ladder:STA-LSTM-H (accel),f1_macro,A_e10,B_e10,18,0.8898184788212998,0.6934663391333615,19.63521396879384,17.898963552215648,21.37146438537203,3.491436283718826,7.62939453125e-06,exact,1.0,0,0,12.016599828363839,24.96402259945204,0.00012969970703125
ladder:STA-LSTM-H (accel),f1_macro,A_e20,B_e20,18,0.9278419883978736,0.6901736918199396,23.766829657793384,22.257991147018426,25.275668168568338,3.0341323305045957,7.62939453125e-06,exact,1.0,0,0,18.410485115742414,28.296912111330997,0.00012969970703125
recipe:STA-LSTM-H (accel),accuracy,A (40 ep),A (orig 5 ep),18,0.9542704614889854,0.8392751246181058,11.49953368708796,10.50115805837179,12.49790931580413,2.0076394865609224,7.62939453125e-06,exact,1.0,0,0,8.999131693198258,15.30882778581767,3.814697265625e-05
recipe:STA-LSTM-H (accel),accuracy,B (40 ep),B (orig 5 ep),18,0.7675060299083454,0.7934967036501044,-2.5990673741759127,-3.700448747618914,-1.497686000732911,2.214774350942709,0.00014495849609375,exact,-0.9181286549707602,1,0,-6.220549927641095,1.8952243125904489,0.00043487548828125
recipe:STA-LSTM-H (accel),accuracy,C (40 ep),C (orig 5 ep),18,0.7372182022833254,0.7616047596076541,-2.4386557324328666,-4.2851758641379485,-0.5921356007277855,3.713178309358263,0.01203155517578125,exact,-0.6608187134502924,4,0,-8.439942112879883,3.8437047756874065,0.0240631103515625
recipe:STA-LSTM-H (accel),accuracy,D (40 ep),D (orig 5 ep),18,0.7530149541726966,0.746502653159672,0.6512301013024597,-0.49924078990649806,1.8017009925114176,2.313488754027548,0.177111184266321,approx(ties),0.37254901960784315,4,1,-5.643994211287984,3.328509406657021,0.177111184266321
recipe:STA-LSTM-H (accel),accuracy,A−B (40 ep),A−B (orig 5 ep),18,0.18676443158064,0.04577842096800126,14.09860106126387,12.413022824272998,15.784179298254744,3.3895392965693856,7.62939453125e-06,exact,1.0,0,0,9.664833574529673,20.935455861070928,3.814697265625e-05
ladder:XGBoost,accuracy,A,B,18,0.8575018491718925,0.8196899823122689,3.7811866859623717,3.1593720292577725,4.403001342666971,1.2504107895019383,7.62939453125e-06,exact,1.0,0,0,2.1719247467438585,6.853835021707666,9.918212890625e-05
ladder:XGBoost,accuracy,A,C,18,0.8575018491718925,0.7893069625341694,6.819488663772308,3.9646441810047146,9.674333146539901,5.740823740824946,0.00025177001953125,exact,0.8947368421052632,3,0,-3.870332850940661,17.676410998552818,0.0015106201171875
ladder:XGBoost,accuracy,A,D,18,0.8575018491718925,0.7836468885672938,7.385496060459879,4.642563907377453,10.128428213542303,5.51577857180586,0.00014495849609375,exact,0.9181286549707602,3,0,-2.5968162083936264,17.867438494934873,0.00101470947265625
ladder:XGBoost,accuracy,B,C,18,0.8196899823122689,0.7893069625341694,3.0383019778099367,0.45944339140404566,5.617160564215828,5.1858420612519325,0.03423309326171875,exact,0.5672514619883041,5,0,-6.339797395079605,12.083357452966714,0.136932373046875
ladder:XGBoost,accuracy,A,M_L1_g0,18,0.8575018491718925,0.8540337674867341,0.346808168515838,0.2861358870326987,0.4074804499989773,0.1220062514966687,7.62939453125e-06,exact,1.0,0,0,0.15282199710565658,0.6321273516642578,9.918212890625e-05
ladder:XGBoost,accuracy,M_L1_g0,M_L25_g0,18,0.8540337674867341,0.8347792249557808,1.925454253095352,1.6351302772933032,2.215778228897401,0.5838142087513394,7.62939453125e-06,exact,1.0,0,0,1.297829232995662,3.300723589001442,9.918212890625e-05
ladder:XGBoost,accuracy,M_L25_g0,M_L25_g26,18,0.8347792249557808,0.8267547837272874,0.8024441228493316,0.5526713019245352,1.0522169437741282,0.5022696503551085,7.62939453125e-06,exact,1.0,0,0,0.2454413892908902,2.1140376266280736,9.918212890625e-05
ladder:XGBoost,accuracy,M_L25_g26,M_L300_g26,18,0.8267547837272874,0.8258239550814155,0.09308286458719124,-0.03549783114742579,0.22166356032180826,0.2585636853918849,0.05385589599609375,exact,0.52046783625731,5,0,-0.6420341729003187,0.5251814604411154,0.16156768798828125
ladder:XGBoost,accuracy,M_L300_g26,M_L3600_g26,18,0.8258239550814155,0.8235068188842527,0.2317136197162611,-0.07898431931269487,0.5424115587452171,0.6247843325159567,0.19638824462890625,exact,0.3567251461988304,7,0,-0.8100038166602097,1.9495264628145659,0.3927764892578125
ladder:XGBoost,accuracy,M_L3600_g26,M_L17280_g26,18,0.8235068188842527,0.8198088263615364,0.36979925227163346,0.11028201504918264,0.6293164894940844,0.5218647550130773,0.0065765380859375,exact,0.7076023391812866,4,0,-0.5145032296645979,1.6199512726933096,0.0328826904296875
ladder:XGBoost,accuracy,M_L25_g26,M_L17280_g26,18,0.8267547837272874,0.8198088263615364,0.6945957365750859,0.42620962494526277,0.962981848204909,0.5396992272792789,3.814697265625e-05,exact,0.9649122807017544,2,0,-0.11712790252751404,1.7930738002072455,0.00030517578125
ladder:XGBoost,accuracy,M_L1_g0,M_L17280_g26,18,0.8540337674867341,0.8198088263615364,3.4224941125197694,2.855210675796313,3.9897775492432257,1.1407536350847536,7.62939453125e-06,exact,1.0,0,0,2.116946364117678,6.495811983936017,9.918212890625e-05
ladder:XGBoost,accuracy,M_L17280_g26,B,18,0.8198088263615364,0.8196899823122689,0.01188440492676462,-0.10518274131404638,0.12895155116757565,0.23541102027328362,0.7337265014648438,exact,-0.09941520467836257,11,0,-0.31686059678182055,0.541513452945086,0.7337265014648438
ladder:XGBoost,balanced_accuracy,A,B,18,0.8166755847841107,0.7355392400337549,8.11363447503557,7.429934690634765,8.797334259436374,1.3748559606581419,7.62939453125e-06,exact,1.0,0,0,6.378684473053287,11.489381470238136,9.918212890625e-05
ladder:XGBoost,balanced_accuracy,A,C,18,0.8166755847841107,0.7490392606291226,6.763632415498799,3.9212432804406125,9.606021550556987,5.7157772080761395,0.00041961669921875,exact,0.8713450292397661,4,0,-1.6734409079580792,19.257749330760852,0.001678466796875
ladder:XGBoost,balanced_accuracy,A,D,18,0.8166755847841107,0.7410382092000123,7.563737558409839,4.937341479184506,10.19013363763517,5.281435488145917,7.62939453125e-06,exact,1.0,0,0,0.3575400067370782,19.023597521791345,9.918212890625e-05
ladder:XGBoost,balanced_accuracy,B,C,18,0.7355392400337549,0.7490392606291226,-1.3500020595367708,-4.120455543469522,1.4204514243959803,5.571121379611446,0.468292236328125,exact,-0.2046783625730994,9,0,-10.657247277308334,7.7683678605227175,0.468292236328125
ladder:XGBoost,balanced_accuracy,A,M_L1_g0,18,0.8166755847841107,0.8121451272396357,0.45304575444748046,0.3843352926275622,0.5217562162673987,0.13817027611831015,7.62939453125e-06,exact,1.0,0,0,0.16313181454453707,0.6402221310255585,9.918212890625e-05
ladder:XGBoost,balanced_accuracy,M_L1_g0,M_L25_g0,18,0.8121451272396357,0.7871515384376637,2.499358880197208,2.190660306512903,2.8080574538815126,0.6207637968593076,7.62939453125e-06,exact,1.0,0,0,1.608733972026588,3.5467723405265272,9.918212890625e-05
ladder:XGBoost,balanced_accuracy,M_L25_g0,M_L25_g26,18,0.7871515384376637,0.7770917965526513,1.0059741885012508,0.7282419517728854,1.2837064252296158,0.5584934057973382,7.62939453125e-06,exact,1.0,0,0,0.1079037621084189,2.2192700892552875,9.918212890625e-05
ladder:XGBoost,balanced_accuracy,M_L25_g26,M_L300_g26,18,0.7770917965526513,0.7735154672368133,0.3576329315838104,0.07768307459857038,0.6375827885690504,0.5629528315543795,0.010406494140625,exact,0.672514619883041,4,0,-0.6214438010897716,1.713820394048493,0.031219482421875
ladder:XGBoost,balanced_accuracy,M_L300_g26,M_L3600_g26,18,0.7735154672368133,0.7577580498342376,1.5757417402575506,0.9348288081526844,2.216654672362417,1.2888156250327254,2.288818359375e-05,exact,0.9766081871345029,1,0,-0.1504763737903203,4.5862282618966415,0.00011444091796875
ladder:XGBoost,balanced_accuracy,M_L3600_g26,M_L17280_g26,18,0.7577580498342376,0.7349014242627538,2.285662557148381,1.630370421202679,2.940954693094083,1.3177308515124546,1.52587890625e-05,exact,0.9883040935672515,1,0,-1.0014636699066881,4.454410043305479,9.918212890625e-05
ladder:XGBoost,balanced_accuracy,M_L25_g26,M_L17280_g26,18,0.7770917965526513,0.7349014242627538,4.219037228989742,3.465697584306833,4.972376873672651,1.5148951696688082,7.62939453125e-06,exact,1.0,0,0,1.9073387445988632,6.962612761491094,9.918212890625e-05
ladder:XGBoost,balanced_accuracy,M_L1_g0,M_L17280_g26,18,0.8121451272396357,0.7349014242627538,7.724370297688201,7.023135411913124,8.425605183463276,1.4101174002478754,7.62939453125e-06,exact,1.0,0,0,5.750371329816939,11.143291475934003,9.918212890625e-05
ladder:XGBoost,balanced_accuracy,M_L17280_g26,B,18,0.7349014242627538,0.7355392400337549,-0.06378157710011131,-0.16282606396156035,0.03526290976133772,0.19916914739285968,0.2121429443359375,exact,-0.34502923976608185,7,0,-0.5215751692402071,0.29974983207917694,0.424285888671875
ladder:XGBoost,f1_macro,A,B,18,0.8167036310958137,0.7343976801890535,8.230595090676001,7.574033209904736,8.887156971447267,1.320284188930092,7.62939453125e-06,exact,1.0,0,0,6.707531186812976,11.493897810040622,9.918212890625e-05
ladder:XGBoost,f1_macro,A,C,18,0.8167036310958137,0.7483397072246949,6.836392387111882,3.902894643554513,9.769890130669252,5.8989880504960315,0.00032806396484375,exact,0.8830409356725146,3,0,-2.2889386433993297,19.895659379916253,0.001312255859375
ladder:XGBoost,f1_macro,A,D,18,0.8167036310958137,0.7404418765827029,7.626175451311076,4.816556319718564,10.435794582903588,5.6498798133079715,1.52587890625e-05,exact,0.9883040935672515,1,0,-0.5796880040292662,19.036379304087138,9.918212890625e-05
ladder:XGBoost,f1_macro,B,C,18,0.7343976801890535,0.7483397072246949,-1.3942027035641187,-4.174370545904757,1.3859651387765193,5.590656040680204,0.32472991943359375,exact,-0.27485380116959063,8,0,-9.819158239955506,8.401761569875632,0.6494598388671875
ladder:XGBoost,f1_macro,A,M_L1_g0,18,0.8167036310958137,0.8123929438876868,0.4310687208126755,0.3715778033351072,0.4905596382902438,0.1196306395953284,7.62939453125e-06,exact,1.0,0,0,0.16464547001013852,0.6364534539294198,9.918212890625e-05
ladder:XGBoost,f1_macro,M_L1_g0,M_L25_g0,18,0.8123929438876868,0.7869355022367657,2.545744165092115,2.1952659712087357,2.8962223589754945,0.7047786834737183,7.62939453125e-06,exact,1.0,0,0,1.614847357046978,3.7526323478078494,9.918212890625e-05
ladder:XGBoost,f1_macro,M_L25_g0,M_L25_g26,18,0.7869355022367657,0.7773806162295633,0.9554886007202501,0.7005378884717932,1.210439312968707,0.5126819027974778,7.62939453125e-06,exact,1.0,0,0,0.2128616100946834,2.1550985879307927,9.918212890625e-05
ladder:XGBoost,f1_macro,M_L25_g26,M_L300_g26,18,0.7773806162295633,0.7727705275049457,0.4610088724617545,0.20353612972087393,0.718481615202635,0.51775346890673,0.00128936767578125,exact,0.8128654970760234,2,0,-0.4593717548135423,1.647136606464339,0.00386810302734375
ladder:XGBoost,f1_macro,M_L300_g26,M_L3600_g26,18,0.7727705275049457,0.7576378064598944,1.5132721045051347,0.8709979515374021,2.1555462574728677,1.2915529121575478,7.62939453125e-06,exact,1.0,0,0,0.034531093476719565,4.414184117271325,9.918212890625e-05
ladder:XGBoost,f1_macro,M_L3600_g26,M_L17280_g26,18,0.7576378064598944,0.7341021128018399,2.3535693658054533,1.7464978037196945,2.9606409278912116,1.220763812893594,1.52587890625e-05,exact,0.9883040935672515,1,0,-0.49294831066486466,4.235320727666869,9.918212890625e-05
ladder:XGBoost,f1_macro,M_L25_g26,M_L17280_g26,18,0.7773806162295633,0.7341021128018399,4.327850342772342,3.622609063908951,5.033091621635733,1.4181738799248957,7.62939453125e-06,exact,1.0,0,0,1.8940610458361373,6.637587070458073,9.918212890625e-05
ladder:XGBoost,f1_macro,M_L1_g0,M_L17280_g26,18,0.8123929438876868,0.7341021128018399,7.829083108584707,7.15043268560082,8.507733531568594,1.3647021697692794,7.62939453125e-06,exact,1.0,0,0,6.210246795260144,11.11573184455511,9.918212890625e-05
ladder:XGBoost,f1_macro,M_L17280_g26,B,18,0.7341021128018399,0.7343976801890535,-0.029556738721381315,-0.1472226890612773,0.08810921161851468,0.23661515899568358,0.6396942138671875,exact,-0.13450292397660818,8,0,-0.6065259658061151,0.38902867656835927,0.6494598388671875
