model,protocol,n_animals,acc_mean,acc_sd,balacc_mean,f1_mean,f1_sd,epochs,n_train
STA-LSTM-H (accel),A,18,0.9542704614889854,0.01726968928234073,0.9506926271988593,0.9448682594384855,0.016332228134831723,40.0,69100.0
STA-LSTM-H (accel),A_e10,18,0.9083929892265638,0.03340349214969984,0.9035098425783255,0.8898184788212998,0.03342283423229306,10.0,69100.0
STA-LSTM-H (accel),A_e20,18,0.940084901109503,0.023126807998627468,0.9359612828804718,0.9278419883978734,0.023124447481137612,20.0,69100.0
STA-LSTM-H (accel),A_e5,18,0.8599157420807203,0.03706253973295171,0.8563949413622792,0.8321162492862669,0.03647228782208843,5.0,69100.0
STA-LSTM-H (accel),B,18,0.7675060299083454,0.05795116817707568,0.694746214767923,0.6864362461030665,0.044890500364589934,40.0,69100.0
STA-LSTM-H (accel),B_e10,18,0.7746698826177841,0.05356428921741704,0.7024896470407583,0.6934663391333615,0.04438871655952853,10.0,69100.0
STA-LSTM-H (accel),B_e20,18,0.7719048078469207,0.05383193471698378,0.6979647739745685,0.6901736918199397,0.04248394855212366,20.0,69100.0
STA-LSTM-H (accel),B_e5,18,0.7853783566489789,0.04270845815480897,0.7240447016518001,0.7094792444396069,0.03808111825795177,5.0,69100.0
STA-LSTM-H (accel),C,18,0.7372182022833252,0.08231318409163858,0.7033883129037971,0.6978243560403463,0.07778743376394735,40.0,69075.0
STA-LSTM-H (accel),D,18,0.7530149541726966,0.0871846591390204,0.7411234875192904,0.7216227084068747,0.09808283076960304,40.0,2764.0
STA-LSTM-H (accel),Deq,18,0.7301817012381412,0.08548980606382173,0.6943929210553869,0.6892832712400776,0.08075641388711155,982.0,2764.0
STA-LSTM-H (accel),M_L17280_g26,18,0.7666169226311214,0.053129713395065045,0.6936097343997498,0.6856474789705602,0.04328830615970476,40.0,43800.0
STA-LSTM-H (accel),M_L1_g0,18,0.9448400064319021,0.01891926885938701,0.939719075161714,0.9333042046017646,0.018341323534940397,40.0,43800.0
STA-LSTM-H (accel),M_L25_g0,18,0.8326476925550731,0.04025235913444684,0.8000629485370498,0.7936379370816562,0.03668708317384621,40.0,43800.0
STA-LSTM-H (accel),M_L25_g26,18,0.787701559736292,0.05165529502317379,0.7414517294959296,0.7374704702951412,0.04791315174108552,40.0,43800.0
STA-LSTM-H (accel),M_L300_g26,18,0.7846766417763779,0.05296626333832089,0.736948597898284,0.7315792870931664,0.04756716029887069,40.0,43800.0
STA-LSTM-H (accel),M_L3600_g26,18,0.7683188108484005,0.05420822210841466,0.7101564938874689,0.7024583381527211,0.047460602681080745,40.0,43800.0
XGBoost,A,18,0.8575018491718925,0.03127515144397994,0.8166755847841106,0.8167036310958137,0.03476841592952675,,69100.0
XGBoost,B,18,0.8196899823122689,0.040863093021727755,0.7355392400337549,0.7343976801890536,0.03902874993743509,,69100.0
XGBoost,C,18,0.7893069625341695,0.07040129093169915,0.7490392606291226,0.7483397072246949,0.07766486671930131,,69075.0
XGBoost,D,18,0.7836468885672938,0.06603552767321884,0.7410382092000122,0.7404418765827029,0.07569563436974135,,2764.0
XGBoost,M_L17280_g26,18,0.8198088263615365,0.04119230364994324,0.7349014242627538,0.7341021128018398,0.03940456007487933,,43800.0
XGBoost,M_L1_g0,18,0.8540337674867342,0.0321213909159718,0.8121451272396358,0.8123929438876869,0.034974693856546855,,43800.0
XGBoost,M_L25_g0,18,0.8347792249557807,0.03723010467840648,0.7871515384376637,0.7869355022367658,0.04093146244922449,,43800.0
XGBoost,M_L25_g26,18,0.8267547837272873,0.04190280098406441,0.7770917965526513,0.7773806162295632,0.043045498288083274,,43800.0
XGBoost,M_L300_g26,18,0.8258239550814155,0.04136517591316925,0.7735154672368131,0.7727705275049457,0.04511012124291202,,43800.0
XGBoost,M_L3600_g26,18,0.8235068188842528,0.040055866626603646,0.7577580498342376,0.7576378064598944,0.043337478659649355,,43800.0
