model,protocol,animal,accuracy,balanced_accuracy,f1_macro,folds,epochs,n_train
STA-LSTM-H (accel),A,1,0.9703849493487698,0.9681996717382937,0.9629500711219434,5,40.0,69100.0
STA-LSTM-H (accel),A,2,0.9606251808972504,0.9578011126415398,0.9553949975843598,5,40.0,69100.0
STA-LSTM-H (accel),A,3,0.9572677279305355,0.9532010266114728,0.9501490283775128,5,40.0,69100.0
STA-LSTM-H (accel),A,4,0.9393111432706223,0.9318403128250278,0.926325048851842,5,40.0,69100.0
STA-LSTM-H (accel),A,5,0.9614703328509406,0.9611304529836916,0.9537962025164672,5,40.0,69100.0
STA-LSTM-H (accel),A,6,0.9430738060781476,0.9402644728766829,0.9380293161453397,5,40.0,69100.0
STA-LSTM-H (accel),A,7,0.9286367583212736,0.9307230286186021,0.9267485837219567,5,40.0,69100.0
STA-LSTM-H (accel),A,8,0.9199652677279305,0.9206791006132168,0.9139621233149043,5,40.0,69100.0
STA-LSTM-H (accel),A,9,0.9273285094066571,0.9253080903985446,0.9241320620720421,5,40.0,69100.0
STA-LSTM-H (accel),A,10,0.9746454413892909,0.9711885601355412,0.9662268281181003,5,40.0,69100.0
STA-LSTM-H (accel),A,11,0.9732445730824892,0.962808128951486,0.9528171336267942,5,40.0,69100.0
STA-LSTM-H (accel),A,12,0.9750853835021708,0.971102608419149,0.9693283405703541,5,40.0,69100.0
STA-LSTM-H (accel),A,13,0.9616208393632416,0.9593320790228269,0.9501047195922261,5,40.0,69100.0
STA-LSTM-H (accel),A,14,0.9511780028943561,0.9457434403465454,0.9406489531332504,5,40.0,69100.0
STA-LSTM-H (accel),A,15,0.9721562952243126,0.9697775465798684,0.9654534765446632,5,40.0,69100.0
STA-LSTM-H (accel),A,16,0.9434442836468886,0.9394473030024265,0.9297191702032404,5,40.0,69100.0
STA-LSTM-H (accel),A,17,0.9536324167872647,0.9460719891229683,0.9365720848878325,5,40.0,69100.0
STA-LSTM-H (accel),A,18,0.9637973950795947,0.9578483646915842,0.9452705295099093,5,40.0,69100.0
STA-LSTM-H (accel),A_e10,1,0.9337192474674385,0.9356437471575463,0.9184661874849276,5,10.0,69100.0
STA-LSTM-H (accel),A_e10,2,0.9180897250361795,0.9177577941852599,0.9086613660470413,5,10.0,69100.0
STA-LSTM-H (accel),A_e10,3,0.9209609261939219,0.909147773698125,0.9083618699043182,5,10.0,69100.0
STA-LSTM-H (accel),A_e10,4,0.8710969609261939,0.859706843203646,0.8414179243411957,5,10.0,69100.0
STA-LSTM-H (accel),A_e10,5,0.922095513748191,0.9173854837634853,0.9068797001949406,5,10.0,69100.0
STA-LSTM-H (accel),A_e10,6,0.8832069464544139,0.8803793440498564,0.8713485497920124,5,10.0,69100.0
STA-LSTM-H (accel),A_e10,7,0.8642547033285094,0.8686015941680747,0.8594114628792973,5,10.0,69100.0
STA-LSTM-H (accel),A_e10,8,0.8591722141823445,0.85089967686521,0.846720134931539,5,10.0,69100.0
STA-LSTM-H (accel),A_e10,9,0.8443878437047758,0.8456349020851043,0.8374390398838194,5,10.0,69100.0
STA-LSTM-H (accel),A_e10,10,0.9485499276410998,0.9453107132304497,0.9324582207247939,5,10.0,69100.0
STA-LSTM-H (accel),A_e10,11,0.9312069464544139,0.9237340813986856,0.8852293928038515,5,10.0,69100.0
STA-LSTM-H (accel),A_e10,12,0.9552995658465993,0.9533272376183941,0.9445932184431722,5,10.0,69100.0
STA-LSTM-H (accel),A_e10,13,0.9189696092619393,0.9169855227478607,0.8960474127471212,5,10.0,69100.0
STA-LSTM-H (accel),A_e10,14,0.9195832127351664,0.90359473623683,0.9022949252248326,5,10.0,69100.0
STA-LSTM-H (accel),A_e10,15,0.943096960926194,0.9420857519448657,0.9307396649268741,5,10.0,69100.0
STA-LSTM-H (accel),A_e10,16,0.8851982633863965,0.8719162493820274,0.8574263924010539,5,10.0,69100.0
STA-LSTM-H (accel),A_e10,17,0.8941476121562951,0.895256053131367,0.8605504420937713,5,10.0,69100.0
STA-LSTM-H (accel),A_e10,18,0.9380376266280752,0.9258096615430708,0.9086867139588367,5,10.0,69100.0
STA-LSTM-H (accel),A_e20,1,0.9632764109985528,0.9608678179510746,0.9546342400455339,5,20.0,69100.0
STA-LSTM-H (accel),A_e20,2,0.9490709117221418,0.9452593414044378,0.9428414307392243,5,20.0,69100.0
STA-LSTM-H (accel),A_e20,3,0.946327062228654,0.939204939752282,0.937721385464003,5,20.0,69100.0
STA-LSTM-H (accel),A_e20,4,0.91739507959479,0.9047423786798918,0.8981237991936158,5,20.0,69100.0
STA-LSTM-H (accel),A_e20,5,0.9499392185238784,0.9471500383676258,0.940173457422477,5,20.0,69100.0
STA-LSTM-H (accel),A_e20,6,0.92972503617945,0.9256084948951846,0.9234867411155687,5,20.0,69100.0
STA-LSTM-H (accel),A_e20,7,0.9060839363241678,0.906971882268621,0.9028939026499045,5,20.0,69100.0
STA-LSTM-H (accel),A_e20,8,0.8989406657018814,0.8957725146313624,0.8907627072997208,5,20.0,69100.0
STA-LSTM-H (accel),A_e20,9,0.899739507959479,0.8980271438138665,0.8950225483684877,5,20.0,69100.0
STA-LSTM-H (accel),A_e20,10,0.9658929088277859,0.9633456171288364,0.95448359281717,5,20.0,69100.0
STA-LSTM-H (accel),A_e20,11,0.9565846599131692,0.9490188432398765,0.924529217462527,5,20.0,69100.0
STA-LSTM-H (accel),A_e20,12,0.968370477568741,0.9671160122594442,0.9612530909690145,5,20.0,69100.0
STA-LSTM-H (accel),A_e20,13,0.9535397973950795,0.9497603531798966,0.9408560648378618,5,20.0,69100.0
STA-LSTM-H (accel),A_e20,14,0.939808972503618,0.9341912608782857,0.9280484835195402,5,20.0,69100.0
STA-LSTM-H (accel),A_e20,15,0.9663675832127352,0.9652927924019743,0.9585689434764115,5,20.0,69100.0
STA-LSTM-H (accel),A_e20,16,0.9224428364688857,0.9179387602231662,0.9045277725359435,5,20.0,69100.0
STA-LSTM-H (accel),A_e20,17,0.9320405209840811,0.9277156809957596,0.9083884397713801,5,20.0,69100.0
STA-LSTM-H (accel),A_e20,18,0.9559826338639652,0.9493192197769064,0.9348399734733379,5,20.0,69100.0
STA-LSTM-H (accel),A_e5,1,0.883056439942113,0.8916597761411987,0.858420753211304,5,5.0,69100.0
STA-LSTM-H (accel),A_e5,2,0.874315484804631,0.8738170035706961,0.8604304387668543,5,5.0,69100.0
STA-LSTM-H (accel),A_e5,3,0.8735745296671491,0.8675004962993954,0.8540821373240857,5,5.0,69100.0
STA-LSTM-H (accel),A_e5,4,0.8415861070911722,0.8372471238076343,0.8098922240382487,5,5.0,69100.0
STA-LSTM-H (accel),A_e5,5,0.8790506512301013,0.8791383824189305,0.8561235758588197,5,5.0,69100.0
STA-LSTM-H (accel),A_e5,6,0.8398031837916063,0.8395175021788734,0.8242712309066004,5,5.0,69100.0
STA-LSTM-H (accel),A_e5,7,0.8060897250361794,0.8050104870931953,0.796367033582579,5,5.0,69100.0
STA-LSTM-H (accel),A_e5,8,0.80194500723589,0.7911289885020812,0.7842061022723197,5,5.0,69100.0
STA-LSTM-H (accel),A_e5,9,0.781534008683068,0.7943774273402775,0.7748899092898995,5,5.0,69100.0
STA-LSTM-H (accel),A_e5,10,0.9186917510853835,0.9104165742120447,0.8942451416281303,5,5.0,69100.0
STA-LSTM-H (accel),A_e5,11,0.8692793053545586,0.8518297108544465,0.7958161728701926,5,5.0,69100.0
STA-LSTM-H (accel),A_e5,12,0.9084457308248914,0.9099819913676844,0.8879625732542789,5,5.0,69100.0
STA-LSTM-H (accel),A_e5,13,0.871768451519537,0.8800756925480695,0.8380940226341016,5,5.0,69100.0
STA-LSTM-H (accel),A_e5,14,0.8694413892908827,0.8529207012435911,0.8392496776337431,5,5.0,69100.0
STA-LSTM-H (accel),A_e5,15,0.8970882778581766,0.896794420443366,0.8751215211481478,5,5.0,69100.0
STA-LSTM-H (accel),A_e5,16,0.833875542691751,0.811752489423586,0.7905012476888957,5,5.0,69100.0
STA-LSTM-H (accel),A_e5,17,0.845973950795948,0.8540191481806916,0.805790303165119,5,5.0,69100.0
STA-LSTM-H (accel),A_e5,18,0.8829638205499275,0.8679210288952645,0.832628421879486,5,5.0,69100.0
STA-LSTM-H (accel),B,1,0.8190911722141824,0.7571838134883975,0.7405760830798608,5,40.0,69100.0
STA-LSTM-H (accel),B,2,0.7635658465991317,0.7234728691848576,0.7129092313203397,5,40.0,69100.0
STA-LSTM-H (accel),B,3,0.7635658465991317,0.7068507937911261,0.7017732666182689,5,40.0,69100.0
STA-LSTM-H (accel),B,4,0.7922199710564399,0.7158384326005878,0.7093499666716382,5,40.0,69100.0
STA-LSTM-H (accel),B,5,0.7604167872648336,0.7127520941881429,0.691997148374315,5,40.0,69100.0
STA-LSTM-H (accel),B,6,0.7648277858176555,0.712830856043607,0.7076458596796289,5,40.0,69100.0
STA-LSTM-H (accel),B,7,0.649424023154848,0.6210751024956335,0.6130466994814301,5,40.0,69100.0
STA-LSTM-H (accel),B,8,0.6596005788712012,0.6186636115829869,0.615683199126889,5,40.0,69100.0
STA-LSTM-H (accel),B,9,0.6661997105643994,0.610538024129786,0.6016951300442059,5,40.0,69100.0
STA-LSTM-H (accel),B,10,0.8477916063675831,0.7696486086541935,0.7694185096224715,5,40.0,69100.0
STA-LSTM-H (accel),B,11,0.8195658465991317,0.6748156860998784,0.6672799138278087,5,40.0,69100.0
STA-LSTM-H (accel),B,12,0.8332966714905933,0.73404090779093,0.7292879589035108,5,40.0,69100.0
STA-LSTM-H (accel),B,13,0.7865123010130246,0.7206139440836058,0.705282950974582,5,40.0,69100.0
STA-LSTM-H (accel),B,14,0.7574761215629523,0.6713395511424409,0.6619879966809388,5,40.0,69100.0
STA-LSTM-H (accel),B,15,0.8068306801736614,0.7112128994844868,0.7034220985689001,5,40.0,69100.0
STA-LSTM-H (accel),B,16,0.7364052098408104,0.6529144414113649,0.6490071629223719,5,40.0,69100.0
STA-LSTM-H (accel),B,17,0.7948017366136034,0.6997114912168685,0.6939306448055315,5,40.0,69100.0
STA-LSTM-H (accel),B,18,0.7935166425470332,0.6919287384337185,0.6815586091525063,5,40.0,69100.0
STA-LSTM-H (accel),B_e10,1,0.8133719247467438,0.7560697646661704,0.7351091806072845,5,10.0,69100.0
STA-LSTM-H (accel),B_e10,2,0.7805151953690304,0.7352696696186244,0.7277082984654096,5,10.0,69100.0
STA-LSTM-H (accel),B_e10,3,0.7945933429811867,0.7341373232958759,0.7285546228115991,5,10.0,69100.0
STA-LSTM-H (accel),B_e10,4,0.8031143270622285,0.7292172017628534,0.7212519260575573,5,10.0,69100.0
STA-LSTM-H (accel),B_e10,5,0.7730130246020261,0.7282425046882957,0.709157004788696,5,10.0,69100.0
STA-LSTM-H (accel),B_e10,6,0.7777250361794501,0.7249458776767226,0.7202544894745856,5,10.0,69100.0
STA-LSTM-H (accel),B_e10,7,0.6625528219971056,0.6262383316866826,0.6227670672542687,5,10.0,69100.0
STA-LSTM-H (accel),B_e10,8,0.6807293777134588,0.6393897998652716,0.636631238411836,5,10.0,69100.0
STA-LSTM-H (accel),B_e10,9,0.6815629522431259,0.6216088847485185,0.6129176123196032,5,10.0,69100.0
STA-LSTM-H (accel),B_e10,10,0.8489261939218524,0.7791199084102424,0.7720820969395823,5,10.0,69100.0
STA-LSTM-H (accel),B_e10,11,0.8168335745296671,0.6772231784143244,0.6649657622494074,5,10.0,69100.0
STA-LSTM-H (accel),B_e10,12,0.8359942112879886,0.7434185061711992,0.735573260459882,5,10.0,69100.0
STA-LSTM-H (accel),B_e10,13,0.7993979739507959,0.7126584272044413,0.7085154982070773,5,10.0,69100.0
STA-LSTM-H (accel),B_e10,14,0.7489088277858176,0.6602035008018268,0.6526546992303122,5,10.0,69100.0
STA-LSTM-H (accel),B_e10,15,0.8112764109985529,0.7036831915482595,0.7016182332056643,5,10.0,69100.0
STA-LSTM-H (accel),B_e10,16,0.7341823444283647,0.665182848304062,0.6547515894911832,5,10.0,69100.0
STA-LSTM-H (accel),B_e10,17,0.799096960926194,0.7203639206873855,0.7068527963888723,5,10.0,69100.0
STA-LSTM-H (accel),B_e10,18,0.7822633863965267,0.6878408071828945,0.6710287280376868,5,10.0,69100.0
STA-LSTM-H (accel),B_e20,1,0.8179565846599133,0.7657912425263392,0.7455299877050952,5,20.0,69100.0
STA-LSTM-H (accel),B_e20,2,0.7723299565846599,0.7297704049225047,0.7220998456379677,5,20.0,69100.0
STA-LSTM-H (accel),B_e20,3,0.780931982633864,0.717178054847645,0.7147124187393054,5,20.0,69100.0
STA-LSTM-H (accel),B_e20,4,0.7944544138929088,0.7195151578064883,0.7123270721760802,5,20.0,69100.0
STA-LSTM-H (accel),B_e20,5,0.7615166425470333,0.7113132967115611,0.6951086543241773,5,20.0,69100.0
STA-LSTM-H (accel),B_e20,6,0.7721447178002895,0.7159092911735236,0.7115282902608939,5,20.0,69100.0
STA-LSTM-H (accel),B_e20,7,0.6615918958031838,0.6281689781082019,0.624050888204096,5,20.0,69100.0
STA-LSTM-H (accel),B_e20,8,0.6756005788712012,0.6399070307308985,0.6359996304815086,5,20.0,69100.0
STA-LSTM-H (accel),B_e20,9,0.6793979739507959,0.6192455953265222,0.6120534272551778,5,20.0,69100.0
STA-LSTM-H (accel),B_e20,10,0.8455803183791606,0.7782683081775457,0.7703787416597458,5,20.0,69100.0
STA-LSTM-H (accel),B_e20,11,0.8248798842257598,0.6798929442604389,0.6719462964997732,5,20.0,69100.0
STA-LSTM-H (accel),B_e20,12,0.836410998552822,0.7286183913649688,0.7277475891967912,5,20.0,69100.0
STA-LSTM-H (accel),B_e20,13,0.7906338639652677,0.7155187670419753,0.7064333568995259,5,20.0,69100.0
STA-LSTM-H (accel),B_e20,14,0.7509927641099855,0.6732616196689483,0.6588485063639105,5,20.0,69100.0
STA-LSTM-H (accel),B_e20,15,0.8054413892908828,0.6945109953271814,0.6915456683635559,5,20.0,69100.0
STA-LSTM-H (accel),B_e20,16,0.7376903039073806,0.6527107221246087,0.6483534749992306,5,20.0,69100.0
STA-LSTM-H (accel),B_e20,17,0.79805499276411,0.7101535595946482,0.7018203299671382,5,20.0,69100.0
STA-LSTM-H (accel),B_e20,18,0.7886772793053545,0.6836315718282334,0.6726422740249406,5,20.0,69100.0
STA-LSTM-H (accel),B_e5,1,0.824752532561505,0.7737720115387301,0.7499816438359963,5,5.0,69100.0
STA-LSTM-H (accel),B_e5,2,0.8026859623733719,0.7557029365793013,0.7505896371431798,5,5.0,69100.0
STA-LSTM-H (accel),B_e5,3,0.81210998552822,0.7467734771338884,0.742457016473892,5,5.0,69100.0
STA-LSTM-H (accel),B_e5,4,0.8095050651230101,0.73909188057868,0.7303093733463639,5,5.0,69100.0
STA-LSTM-H (accel),B_e5,5,0.7904138929088278,0.7510105682764943,0.7293325486505873,5,5.0,69100.0
STA-LSTM-H (accel),B_e5,6,0.7858060781476122,0.747804665298764,0.7371338112719353,5,5.0,69100.0
STA-LSTM-H (accel),B_e5,7,0.7010361794500723,0.6764009738589098,0.6665577773380653,5,5.0,69100.0
STA-LSTM-H (accel),B_e5,8,0.7189001447178003,0.6723256466824246,0.6712140967774579,5,5.0,69100.0
STA-LSTM-H (accel),B_e5,9,0.6962662807525326,0.6420477559449052,0.6297043131943921,5,5.0,69100.0
STA-LSTM-H (accel),B_e5,10,0.8309232995658465,0.7805580583835519,0.7619005943392253,5,5.0,69100.0
STA-LSTM-H (accel),B_e5,11,0.8025007235890014,0.7063069174335321,0.6711352801748139,5,5.0,69100.0
STA-LSTM-H (accel),B_e5,12,0.8387843704775687,0.7358736576879428,0.7354669146971974,5,5.0,69100.0
STA-LSTM-H (accel),B_e5,13,0.8020607814761215,0.7666586074352869,0.7345301013194085,5,5.0,69100.0
STA-LSTM-H (accel),B_e5,14,0.7667380607814762,0.685712161659559,0.6770381046743285,5,5.0,69100.0
STA-LSTM-H (accel),B_e5,15,0.8189869753979739,0.7187694147184368,0.7129792364713223,5,5.0,69100.0
STA-LSTM-H (accel),B_e5,16,0.7513285094066571,0.6867123624172674,0.6745643678389563,5,5.0,69100.0
STA-LSTM-H (accel),B_e5,17,0.800370477568741,0.7486601419984216,0.719042491391725,5,5.0,69100.0
STA-LSTM-H (accel),B_e5,18,0.7836410998552822,0.6986233921063059,0.6766890909740763,5,5.0,69100.0
STA-LSTM-H (accel),C,1,0.779218523878437,0.7580408496126582,0.759563979388271,1,40.0,69075.0
STA-LSTM-H (accel),C,2,0.7089435600578872,0.7042060578202433,0.7068604357804896,1,40.0,69075.0
STA-LSTM-H (accel),C,3,0.8087409551374819,0.8095914994176464,0.8025227133143708,1,40.0,69075.0
STA-LSTM-H (accel),C,4,0.7945007235890015,0.7447538233889852,0.7489285124171555,1,40.0,69075.0
STA-LSTM-H (accel),C,5,0.6254703328509407,0.6287436503549765,0.5735541681443524,1,40.0,69075.0
STA-LSTM-H (accel),C,6,0.802315484804631,0.7760334739173383,0.7768057719916136,1,40.0,69075.0
STA-LSTM-H (accel),C,7,0.5884225759768451,0.598659403180304,0.5901291317287485,1,40.0,69075.0
STA-LSTM-H (accel),C,8,0.6448625180897251,0.6116549236615353,0.612254855046741,1,40.0,69075.0
STA-LSTM-H (accel),C,9,0.5714616497829234,0.564774779135,0.5587470394358173,1,40.0,69075.0
STA-LSTM-H (accel),C,10,0.7642257597684515,0.7544434405011611,0.7477566940762722,1,40.0,69075.0
STA-LSTM-H (accel),C,11,0.7112011577424023,0.6088799414399161,0.6129313223753295,1,40.0,69075.0
STA-LSTM-H (accel),C,12,0.7468017366136035,0.7296228207262407,0.7286557778476954,1,40.0,69075.0
STA-LSTM-H (accel),C,13,0.7628943560057887,0.7286776128873435,0.7295631274391944,1,40.0,69075.0
STA-LSTM-H (accel),C,14,0.7679884225759769,0.7063886420769023,0.7004481743843679,1,40.0,69075.0
STA-LSTM-H (accel),C,15,0.8542981186685963,0.8089575545223754,0.8063575887566242,1,40.0,69075.0
STA-LSTM-H (accel),C,16,0.7259623733719247,0.6933307696496822,0.6899752326132284,1,40.0,69075.0
STA-LSTM-H (accel),C,17,0.8441678726483357,0.7569282289078227,0.7374344983192077,1,40.0,69075.0
STA-LSTM-H (accel),C,18,0.768451519536903,0.6773021610682175,0.6783493856667538,1,40.0,69075.0
STA-LSTM-H (accel),D,1,0.8191027496382055,0.8187650893671407,0.8139593691994814,1,40.0,2764.0
STA-LSTM-H (accel),D,2,0.7800289435600579,0.7678415728256661,0.768779992617202,1,40.0,2764.0
STA-LSTM-H (accel),D,3,0.8321273516642547,0.8440903285730871,0.8290517072358538,1,40.0,2764.0
STA-LSTM-H (accel),D,4,0.7945007235890015,0.7795247923730896,0.7689617510372226,1,40.0,2764.0
STA-LSTM-H (accel),D,5,0.5861070911722142,0.6189821964078045,0.4990967017293304,1,40.0,2764.0
STA-LSTM-H (accel),D,6,0.8393632416787264,0.8283691534527655,0.8214166557504128,1,40.0,2764.0
STA-LSTM-H (accel),D,7,0.683068017366136,0.681295796321295,0.6767129456205087,1,40.0,2764.0
STA-LSTM-H (accel),D,8,0.678726483357453,0.655741368841622,0.6553626426153666,1,40.0,2764.0
STA-LSTM-H (accel),D,9,0.6020260492040521,0.5870061219701327,0.5685231132482478,1,40.0,2764.0
STA-LSTM-H (accel),D,10,0.7655571635311144,0.7645944449705909,0.75189482865167,1,40.0,2764.0
STA-LSTM-H (accel),D,11,0.6266280752532561,0.6108580042423243,0.575096957975234,1,40.0,2764.0
STA-LSTM-H (accel),D,12,0.788712011577424,0.773084821382035,0.7733619160307789,1,40.0,2764.0
STA-LSTM-H (accel),D,13,0.7988422575976846,0.7868029367291541,0.7868935543690089,1,40.0,2764.0
STA-LSTM-H (accel),D,14,0.8191027496382055,0.7916112299403687,0.7742267314583297,1,40.0,2764.0
STA-LSTM-H (accel),D,15,0.8509406657018813,0.8388615527081457,0.8106362252663621,1,40.0,2764.0
STA-LSTM-H (accel),D,16,0.703328509406657,0.6963783998131025,0.6820315425290119,1,40.0,2764.0
STA-LSTM-H (accel),D,17,0.8581765557163531,0.8343168527379055,0.7800712532877186,1,40.0,2764.0
STA-LSTM-H (accel),D,18,0.7279305354558611,0.662098112690998,0.6531308627020046,1,40.0,2764.0
STA-LSTM-H (accel),Deq,1,0.7670043415340086,0.7474948212128201,0.7480708605935465,1,982.0,2764.0
STA-LSTM-H (accel),Deq,2,0.6816208393632417,0.6940892794021108,0.6871119547007208,1,982.0,2764.0
STA-LSTM-H (accel),Deq,3,0.7901591895803184,0.7802314331049963,0.7800767970795105,1,982.0,2764.0
STA-LSTM-H (accel),Deq,4,0.788712011577424,0.7392869428473143,0.7457939491276643,1,982.0,2764.0
STA-LSTM-H (accel),Deq,5,0.5832127351664255,0.5878396001442426,0.5149204070788259,1,982.0,2764.0
STA-LSTM-H (accel),Deq,6,0.808972503617945,0.7939723103602702,0.7924649865144145,1,982.0,2764.0
STA-LSTM-H (accel),Deq,7,0.6020260492040521,0.6018740729630185,0.597873293307576,1,982.0,2764.0
STA-LSTM-H (accel),Deq,8,0.6280752532561505,0.6021333302352065,0.6031714080352549,1,982.0,2764.0
STA-LSTM-H (accel),Deq,9,0.5658465991316932,0.5666535042162762,0.5570009605882359,1,982.0,2764.0
STA-LSTM-H (accel),Deq,10,0.7742402315484804,0.7504873528490065,0.7516919113568198,1,982.0,2764.0
STA-LSTM-H (accel),Deq,11,0.7062228654124457,0.6099574277291354,0.6123807155260858,1,982.0,2764.0
STA-LSTM-H (accel),Deq,12,0.7380607814761215,0.7211924890459462,0.7198608632523844,1,982.0,2764.0
STA-LSTM-H (accel),Deq,13,0.7308248914616498,0.7035743564518774,0.6984426483891628,1,982.0,2764.0
STA-LSTM-H (accel),Deq,14,0.7814761215629522,0.7274534179153895,0.7213259670780942,1,982.0,2764.0
STA-LSTM-H (accel),Deq,15,0.8408104196816208,0.7826274974511301,0.7825544252020816,1,982.0,2764.0
STA-LSTM-H (accel),Deq,16,0.7395079594790159,0.6989733445635778,0.7020227722517799,1,982.0,2764.0
STA-LSTM-H (accel),Deq,17,0.8408104196816208,0.7258705475810739,0.7166612340363295,1,982.0,2764.0
STA-LSTM-H (accel),Deq,18,0.7756874095513748,0.6653608509235719,0.675673728202911,1,982.0,2764.0
STA-LSTM-H (accel),M_L17280_g26,1,0.7947881149586271,0.7324051130642107,0.7118878296494735,5,40.0,43800.0
STA-LSTM-H (accel),M_L17280_g26,2,0.7644456249932923,0.7168710340318392,0.7094675599670589,5,40.0,43800.0
STA-LSTM-H (accel),M_L17280_g26,3,0.7760575001073227,0.7187184795767624,0.7137946893311847,5,40.0,43800.0
STA-LSTM-H (accel),M_L17280_g26,4,0.7872186168528714,0.6999074858784212,0.69694460922617,5,40.0,43800.0
STA-LSTM-H (accel),M_L17280_g26,5,0.7668261346684268,0.7215843500322434,0.7063494945438187,5,40.0,43800.0
STA-LSTM-H (accel),M_L17280_g26,6,0.758607234081372,0.700893003042227,0.6976272694055092,5,40.0,43800.0
STA-LSTM-H (accel),M_L17280_g26,7,0.6558926424976121,0.6203794967482507,0.6175810145189186,5,40.0,43800.0
STA-LSTM-H (accel),M_L17280_g26,8,0.6722118186355002,0.6291634877070162,0.6279266132641185,5,40.0,43800.0
STA-LSTM-H (accel),M_L17280_g26,9,0.6839699442995589,0.6192433704004113,0.6114320684190508,5,40.0,43800.0
STA-LSTM-H (accel),M_L17280_g26,10,0.8468198998948239,0.7722672003833166,0.769072792867636,5,40.0,43800.0
STA-LSTM-H (accel),M_L17280_g26,11,0.8039123791278964,0.6667439862788698,0.653973968817938,5,40.0,43800.0
STA-LSTM-H (accel),M_L17280_g26,12,0.8354024631883405,0.7370463852836386,0.7307522422934318,5,40.0,43800.0
STA-LSTM-H (accel),M_L17280_g26,13,0.7910339360840121,0.725206913400732,0.7120666165353354,5,40.0,43800.0
STA-LSTM-H (accel),M_L17280_g26,14,0.7490821299784282,0.6639322965789928,0.6547599578313635,5,40.0,43800.0
STA-LSTM-H (accel),M_L17280_g26,15,0.8176799129613531,0.7276021889378538,0.7221535277565311,5,40.0,43800.0
STA-LSTM-H (accel),M_L17280_g26,16,0.7251082147418354,0.6515341921735439,0.6437296490630688,5,40.0,43800.0
STA-LSTM-H (accel),M_L17280_g26,17,0.7934385866415532,0.7077526809033403,0.701732802428231,5,40.0,43800.0
STA-LSTM-H (accel),M_L17280_g26,18,0.7766094536473593,0.6737235547738255,0.6604019155512455,5,40.0,43800.0
STA-LSTM-H (accel),M_L1_g0,1,0.9650246020260491,0.9632829336016735,0.9567342090935483,5,40.0,43800.0
STA-LSTM-H (accel),M_L1_g0,2,0.9501823444283648,0.9484795724749535,0.9440813971141802,5,40.0,43800.0
STA-LSTM-H (accel),M_L1_g0,3,0.9502518089725036,0.9422572007500756,0.942020537160778,5,40.0,43800.0
STA-LSTM-H (accel),M_L1_g0,4,0.9287872648335747,0.9193792708266078,0.913408647696967,5,40.0,43800.0
STA-LSTM-H (accel),M_L1_g0,5,0.9533661360347322,0.9493738325853697,0.9436551589087407,5,40.0,43800.0
STA-LSTM-H (accel),M_L1_g0,6,0.9310332850940666,0.9280886346317369,0.9247954250591597,5,40.0,43800.0
STA-LSTM-H (accel),M_L1_g0,7,0.9188306801736614,0.9190649251304144,0.9158289017173477,5,40.0,43800.0
STA-LSTM-H (accel),M_L1_g0,8,0.9118263386396526,0.9069309767140865,0.9046290447972233,5,40.0,43800.0
STA-LSTM-H (accel),M_L1_g0,9,0.9124052098408104,0.9098372425866936,0.9085496978504197,5,40.0,43800.0
STA-LSTM-H (accel),M_L1_g0,10,0.9663328509406657,0.9621697853172458,0.9555428848427235,5,40.0,43800.0
STA-LSTM-H (accel),M_L1_g0,11,0.9606136034732271,0.9522070400277105,0.931988811187687,5,40.0,43800.0
STA-LSTM-H (accel),M_L1_g0,12,0.9697713458755427,0.9655193383788714,0.9622935506188315,5,40.0,43800.0
STA-LSTM-H (accel),M_L1_g0,13,0.9521273516642547,0.9494686699927957,0.9393913329838119,5,40.0,43800.0
STA-LSTM-H (accel),M_L1_g0,14,0.9444283646888568,0.9362110692294143,0.9327609675981421,5,40.0,43800.0
STA-LSTM-H (accel),M_L1_g0,15,0.9639015918958032,0.961765317927955,0.9553844885587608,5,40.0,43800.0
STA-LSTM-H (accel),M_L1_g0,16,0.9279652677279305,0.9174189299568992,0.9102072115623805,5,40.0,43800.0
STA-LSTM-H (accel),M_L1_g0,17,0.9403762662807524,0.9337241939039751,0.9183401989567347,5,40.0,43800.0
STA-LSTM-H (accel),M_L1_g0,18,0.9598958031837916,0.9497644188743758,0.9398632171243257,5,40.0,43800.0
STA-LSTM-H (accel),M_L25_g0,1,0.871166425470333,0.8406688891535629,0.8351824176535148,5,40.0,43800.0
STA-LSTM-H (accel),M_L25_g0,2,0.8414240231548481,0.8273568276331893,0.8208823569187175,5,40.0,43800.0
STA-LSTM-H (accel),M_L25_g0,3,0.8392358900144717,0.8200815474758342,0.8134153073189532,5,40.0,43800.0
STA-LSTM-H (accel),M_L25_g0,4,0.8292677279305355,0.7951794472101836,0.7878045341590407,5,40.0,43800.0
STA-LSTM-H (accel),M_L25_g0,5,0.8483704775687411,0.8297743388313101,0.818245977369503,5,40.0,43800.0
STA-LSTM-H (accel),M_L25_g0,6,0.8177829232995659,0.7995703630126281,0.7963822019738893,5,40.0,43800.0
STA-LSTM-H (accel),M_L25_g0,7,0.7602199710564399,0.7471228852989128,0.7431301211251173,5,40.0,43800.0
STA-LSTM-H (accel),M_L25_g0,8,0.7491172214182344,0.7303265147709297,0.7267852714694353,5,40.0,43800.0
STA-LSTM-H (accel),M_L25_g0,9,0.7642373371924747,0.7534493436278842,0.7500378416768749,5,40.0,43800.0
STA-LSTM-H (accel),M_L25_g0,10,0.8773719247467439,0.8431117353339443,0.8365755973578178,5,40.0,43800.0
STA-LSTM-H (accel),M_L25_g0,11,0.868642547033285,0.7751910366485292,0.7705306281994486,5,40.0,43800.0
STA-LSTM-H (accel),M_L25_g0,12,0.8779971056439942,0.8572576554117702,0.8489700004171061,5,40.0,43800.0
STA-LSTM-H (accel),M_L25_g0,13,0.8622286541244574,0.8262332029032017,0.8173520337054383,5,40.0,43800.0
STA-LSTM-H (accel),M_L25_g0,14,0.832301013024602,0.7896938963409895,0.7894371078093149,5,40.0,43800.0
STA-LSTM-H (accel),M_L25_g0,15,0.8603878437047758,0.8343526428432153,0.8294525160311638,5,40.0,43800.0
STA-LSTM-H (accel),M_L25_g0,16,0.7980086830680173,0.7482753376176393,0.7407898109171758,5,40.0,43800.0
STA-LSTM-H (accel),M_L25_g0,17,0.8395716353111432,0.7902815718646176,0.7799413337240081,5,40.0,43800.0
STA-LSTM-H (accel),M_L25_g0,18,0.8503270622286541,0.7932058376885568,0.780567809643292,5,40.0,43800.0
STA-LSTM-H (accel),M_L25_g26,1,0.8216266280752533,0.7732248106172278,0.7705468652349011,5,40.0,43800.0
STA-LSTM-H (accel),M_L25_g26,2,0.7969435600578871,0.7747524274835785,0.7708976899141966,5,40.0,43800.0
STA-LSTM-H (accel),M_L25_g26,3,0.8042141823444284,0.7754591659548918,0.7719715508975838,5,40.0,43800.0
STA-LSTM-H (accel),M_L25_g26,4,0.7948480463096961,0.7469377042070133,0.7434532432023551,5,40.0,43800.0
STA-LSTM-H (accel),M_L25_g26,5,0.8152011577424023,0.7859344401611216,0.7770738365896954,5,40.0,43800.0
STA-LSTM-H (accel),M_L25_g26,6,0.7701649782923299,0.7474316743167903,0.7445154327296962,5,40.0,43800.0
STA-LSTM-H (accel),M_L25_g26,7,0.6903039073806079,0.6739543115799288,0.6695840363750099,5,40.0,43800.0
STA-LSTM-H (accel),M_L25_g26,8,0.6837626628075253,0.6500895708636767,0.6504319349717222,5,40.0,43800.0
STA-LSTM-H (accel),M_L25_g26,9,0.6920173661360347,0.6766490787128095,0.6742510708740059,5,40.0,43800.0
STA-LSTM-H (accel),M_L25_g26,10,0.8435426917510854,0.7916533829123322,0.7901941402003554,5,40.0,43800.0
STA-LSTM-H (accel),M_L25_g26,11,0.8225991316931982,0.6983633043935917,0.6930791121266819,5,40.0,43800.0
STA-LSTM-H (accel),M_L25_g26,12,0.8473863965267728,0.815281218970882,0.8107539412498592,5,40.0,43800.0
STA-LSTM-H (accel),M_L25_g26,13,0.8199015918958033,0.7691084432646618,0.7622566905936319,5,40.0,43800.0
STA-LSTM-H (accel),M_L25_g26,14,0.7842778581765557,0.7408676526774347,0.7354511994054348,5,40.0,43800.0
STA-LSTM-H (accel),M_L25_g26,15,0.8208162083936325,0.7886701368955237,0.7821246593420079,5,40.0,43800.0
STA-LSTM-H (accel),M_L25_g26,16,0.7458523878437048,0.6686078084357375,0.6671609388871865,5,40.0,43800.0
STA-LSTM-H (accel),M_L25_g26,17,0.8012156295224312,0.7345017868333181,0.7279086988881706,5,40.0,43800.0
STA-LSTM-H (accel),M_L25_g26,18,0.8239536903039074,0.734644212646214,0.7328134238300483,5,40.0,43800.0
STA-LSTM-H (accel),M_L300_g26,1,0.8257513989531139,0.7890599380160582,0.7796119164809053,5,40.0,43800.0
STA-LSTM-H (accel),M_L300_g26,2,0.7897079507303963,0.7645719223235392,0.7602834717114012,5,40.0,43800.0
STA-LSTM-H (accel),M_L300_g26,3,0.7917422678555665,0.7565794143012979,0.753305288973667,5,40.0,43800.0
STA-LSTM-H (accel),M_L300_g26,4,0.7971882402021613,0.7568487799892928,0.7493592028834273,5,40.0,43800.0
STA-LSTM-H (accel),M_L300_g26,5,0.8046330613815129,0.7683678123928372,0.7589278445214465,5,40.0,43800.0
STA-LSTM-H (accel),M_L300_g26,6,0.7666030200203897,0.7375322590555531,0.7351785336828448,5,40.0,43800.0
STA-LSTM-H (accel),M_L300_g26,7,0.679208819198836,0.6614447755286215,0.6562595739469226,5,40.0,43800.0
STA-LSTM-H (accel),M_L300_g26,8,0.6870943177688081,0.6574406268376286,0.6557731633160063,5,40.0,43800.0
STA-LSTM-H (accel),M_L300_g26,9,0.6853111756520599,0.6658394458211123,0.6614816015964328,5,40.0,43800.0
STA-LSTM-H (accel),M_L300_g26,10,0.8426039848869072,0.7993254284292709,0.7918027962154923,5,40.0,43800.0
STA-LSTM-H (accel),M_L300_g26,11,0.8319937927314373,0.6959074781884436,0.6942529818363057,5,40.0,43800.0
STA-LSTM-H (accel),M_L300_g26,12,0.838974447571108,0.8044172914598349,0.7975736306055081,5,40.0,43800.0
STA-LSTM-H (accel),M_L300_g26,13,0.8244647952153485,0.7676051422098784,0.761759532569708,5,40.0,43800.0
STA-LSTM-H (accel),M_L300_g26,14,0.7870842956164413,0.7387937388000032,0.7330005507118733,5,40.0,43800.0
STA-LSTM-H (accel),M_L300_g26,15,0.8184443520321985,0.7799297994798267,0.7757650032411604,5,40.0,43800.0
STA-LSTM-H (accel),M_L300_g26,16,0.7408127657036603,0.6645439759654235,0.6609140748114041,5,40.0,43800.0
STA-LSTM-H (accel),M_L300_g26,17,0.7921427166897402,0.7277290956576032,0.7186254780389796,5,40.0,43800.0
STA-LSTM-H (accel),M_L300_g26,18,0.8204181497651165,0.7291378377128861,0.7245525225335101,5,40.0,43800.0
STA-LSTM-H (accel),M_L3600_g26,1,0.814840217895225,0.7626812178574502,0.7576290563149595,5,40.0,43800.0
STA-LSTM-H (accel),M_L3600_g26,2,0.7402932699737289,0.7084063012791562,0.6897267662882859,5,40.0,43800.0
STA-LSTM-H (accel),M_L3600_g26,3,0.7777445178488641,0.7390157995921759,0.7346296041059859,5,40.0,43800.0
STA-LSTM-H (accel),M_L3600_g26,4,0.7936102148045124,0.7396396152099431,0.7347588865483738,5,40.0,43800.0
STA-LSTM-H (accel),M_L3600_g26,5,0.8024212950084995,0.7570532044539591,0.7508154002848836,5,40.0,43800.0
STA-LSTM-H (accel),M_L3600_g26,6,0.7642141670530057,0.7321166300089249,0.7287028385938179,5,40.0,43800.0
STA-LSTM-H (accel),M_L3600_g26,7,0.6490373976201514,0.6310885363156914,0.6184187992587199,5,40.0,43800.0
STA-LSTM-H (accel),M_L3600_g26,8,0.6771026773296245,0.6414364777116033,0.6413067659229656,5,40.0,43800.0
STA-LSTM-H (accel),M_L3600_g26,9,0.6870473497141092,0.6358066140603599,0.6300308547869224,5,40.0,43800.0
STA-LSTM-H (accel),M_L3600_g26,10,0.8406592760006182,0.7771984127746705,0.7663256032060393,5,40.0,43800.0
STA-LSTM-H (accel),M_L3600_g26,11,0.8149348670993664,0.6822747413139505,0.6739164452260726,5,40.0,43800.0
STA-LSTM-H (accel),M_L3600_g26,12,0.8251479485396385,0.7648746430083955,0.7634193122895226,5,40.0,43800.0
STA-LSTM-H (accel),M_L3600_g26,13,0.7667901947148817,0.711384998852038,0.6944579414107084,5,40.0,43800.0
STA-LSTM-H (accel),M_L3600_g26,14,0.7456759928913614,0.6689319839749386,0.6634997671892642,5,40.0,43800.0
STA-LSTM-H (accel),M_L3600_g26,15,0.8109855509194869,0.7491500895966107,0.7396786979117691,5,40.0,43800.0
STA-LSTM-H (accel),M_L3600_g26,16,0.729863602997991,0.6691289493708756,0.6576147464041995,5,40.0,43800.0
STA-LSTM-H (accel),M_L3600_g26,17,0.787503376603307,0.7227777792233481,0.7124986558365236,5,40.0,43800.0
STA-LSTM-H (accel),M_L3600_g26,18,0.8018666782568381,0.6898508953703499,0.6868199451699646,5,40.0,43800.0
XGBoost,A,1,0.8802431259044863,0.8649444626136648,0.850449902886713,5,,69100.0
XGBoost,A,2,0.8598784370477569,0.8505396355235298,0.8425053650950314,5,,69100.0
XGBoost,A,3,0.8619160636758322,0.843080180380108,0.8383060620135687,5,,69100.0
XGBoost,A,4,0.8629927641099855,0.8305882692877503,0.8252511067924388,5,,69100.0
XGBoost,A,5,0.8677510853835022,0.8479047195125033,0.8381784909410717,5,,69100.0
XGBoost,A,6,0.8476063675832128,0.8411321453164238,0.8310078350044622,5,,69100.0
XGBoost,A,7,0.7988885672937771,0.7846177108456773,0.7813839129385445,5,,69100.0
XGBoost,A,8,0.7951606367583213,0.763542324450952,0.7660873366940862,5,,69100.0
XGBoost,A,9,0.7951722141823444,0.7955736707589903,0.7850847370768839,5,,69100.0
XGBoost,A,10,0.8979913169319825,0.8624579666743226,0.8623018261497277,5,,69100.0
XGBoost,A,11,0.8808451519536902,0.7236985027056981,0.7420997473588806,5,,69100.0
XGBoost,A,12,0.8842257597684515,0.8619589867246127,0.854383626164477,5,,69100.0
XGBoost,A,13,0.8867612156295225,0.8450507863291584,0.8446419415418187,5,,69100.0
XGBoost,A,14,0.8641041968162083,0.8101840437710944,0.8207656082101206,5,,69100.0
XGBoost,A,15,0.8740839363241678,0.8476889843965646,0.8436737355778344,5,,69100.0
XGBoost,A,16,0.8427901591895803,0.7646350859003381,0.7793956733818943,5,,69100.0
XGBoost,A,17,0.8582575976845153,0.7905882853747966,0.7945632744146398,5,,69100.0
XGBoost,A,18,0.8763646888567294,0.7719747655478063,0.8005851774824524,5,,69100.0
XGBoost,B,1,0.8451866859623735,0.7912133228667889,0.7748304233575813,5,,69100.0
XGBoost,B,2,0.8116816208393633,0.7793844720630629,0.7653949997377539,5,,69100.0
XGBoost,B,3,0.8321389290882779,0.7676862172746174,0.7639154369371468,5,,69100.0
XGBoost,B,4,0.8252966714905933,0.7478167395303432,0.7446822913440079,5,,69100.0
XGBoost,B,5,0.8220202604920406,0.7699734975494431,0.766363116867322,5,,69100.0
XGBoost,B,6,0.8227612156295224,0.7640166826221497,0.7571566466994154,5,,69100.0
XGBoost,B,7,0.7303502170767004,0.6971526836382803,0.6939246810096845,5,,69100.0
XGBoost,B,8,0.7502981186685963,0.6970661554452069,0.6982147284252054,5,,69100.0
XGBoost,B,9,0.7392416787264834,0.680679856056609,0.6701457589764777,5,,69100.0
XGBoost,B,10,0.8710043415340086,0.7937707528209252,0.795226514281598,5,,69100.0
XGBoost,B,11,0.85405499276411,0.6599116579751653,0.6594767046150964,5,,69100.0
XGBoost,B,12,0.8625065123010129,0.7678637029318611,0.7654547803326309,5,,69100.0
XGBoost,B,13,0.8444225759768452,0.7625474970039777,0.7613586529812364,5,,69100.0
XGBoost,B,14,0.8203646888567293,0.7110832096324484,0.7172932256480219,5,,69100.0
XGBoost,B,15,0.8487525325615051,0.752593789993681,0.7530159308603248,5,,69100.0
XGBoost,B,16,0.7991201157742402,0.6946005702150361,0.703780960905933,5,,69100.0
XGBoost,B,17,0.8335629522431258,0.723394156004982,0.7273239796500407,5,,69100.0
XGBoost,B,18,0.8416555716353111,0.6789513569830108,0.7015994107734886,5,,69100.0
XGBoost,C,1,0.794616497829233,0.7799327186040492,0.7808251438892649,1,,69075.0
XGBoost,C,2,0.7518958031837916,0.742551216757842,0.745353674745726,1,,69075.0
XGBoost,C,3,0.8357163531114327,0.8445538684469055,0.8321978014461079,1,,69075.0
XGBoost,C,4,0.8120984081041969,0.7697422977361423,0.7716695860460995,1,,69075.0
XGBoost,C,5,0.7342981186685963,0.7145879630046799,0.70240537814871,1,,69075.0
XGBoost,C,6,0.8699276410998553,0.8578665543960046,0.8538972214384555,1,,69075.0
XGBoost,C,7,0.6981186685962374,0.6891878990501498,0.6876111093664501,1,,69075.0
XGBoost,C,8,0.7149638205499277,0.6816432409249268,0.6819490124924927,1,,69075.0
XGBoost,C,9,0.6184081041968162,0.6029961774513818,0.5861281432777213,1,,69075.0
XGBoost,C,10,0.8026628075253256,0.7839430979719619,0.7829760425525354,1,,69075.0
XGBoost,C,11,0.748191027496382,0.6039635477365545,0.5872546392948846,1,,69075.0
XGBoost,C,12,0.8034153400868307,0.7823294968324229,0.7846660507532442,1,,69075.0
XGBoost,C,13,0.792821997105644,0.7574042129761867,0.7590922194413329,1,,69075.0
XGBoost,C,14,0.8457887120115775,0.7986805049034924,0.8004376169070503,1,,69075.0
XGBoost,C,15,0.8887988422575976,0.8591662627667643,0.8512075132598799,1,,69075.0
XGBoost,C,16,0.7818234442836469,0.73572529458887,0.7411780117012078,1,,69075.0
XGBoost,C,17,0.8969609261939219,0.7993852193613377,0.8053933751245822,1,,69075.0
XGBoost,C,18,0.8170188133140376,0.6790471178145356,0.7158721901587618,1,,69075.0
XGBoost,D,1,0.7930535455861071,0.7781272856666265,0.7792806793672306,1,,2764.0
XGBoost,D,2,0.7742402315484804,0.7687505260145769,0.7678237200511863,1,,2764.0
XGBoost,D,3,0.8191027496382055,0.8177290142807384,0.812011241867915,1,,2764.0
XGBoost,D,4,0.8031837916063675,0.7632144085704456,0.764407480523393,1,,2764.0
XGBoost,D,5,0.7829232995658466,0.7477539144497866,0.7422091703699855,1,,2764.0
XGBoost,D,6,0.85383502170767,0.837556745249053,0.8368047150447548,1,,2764.0
XGBoost,D,7,0.7004341534008683,0.6892415795876873,0.688901343086937,1,,2764.0
XGBoost,D,8,0.7149059334298119,0.6836449297863535,0.6821870870706296,1,,2764.0
XGBoost,D,9,0.6164978292329957,0.6053376955410769,0.5947209440360125,1,,2764.0
XGBoost,D,10,0.784370477568741,0.7618565837485399,0.7607828311311297,1,,2764.0
XGBoost,D,11,0.7250361794500724,0.5850057696187468,0.5599271454952471,1,,2764.0
XGBoost,D,12,0.7713458755426917,0.7529052131219314,0.752659498574261,1,,2764.0
XGBoost,D,13,0.7698986975397974,0.7364923211455429,0.7363335215509128,1,,2764.0
XGBoost,D,14,0.8567293777134588,0.8000559783981274,0.8054416163526598,1,,2764.0
XGBoost,D,15,0.8755426917510853,0.8426590256155709,0.8357429701681679,1,,2764.0
XGBoost,D,16,0.7858176555716353,0.749158243983212,0.7514966469249923,1,,2764.0
XGBoost,D,17,0.8842257597684515,0.7718102073365231,0.7834018151571488,1,,2764.0
XGBoost,D,18,0.7945007235890015,0.6473883234856815,0.6738213517160886,1,,2764.0
XGBoost,M_L17280_g26,1,0.8445244903516962,0.7885981533493064,0.7728783973956601,5,,43800.0
XGBoost,M_L17280_g26,2,0.8170967553688142,0.7777582531154879,0.7676055681419275,5,,43800.0
XGBoost,M_L17280_g26,3,0.8304385202356805,0.7658126760741869,0.7619889620184199,5,,43800.0
XGBoost,M_L17280_g26,4,0.8278742272771178,0.7481584849409522,0.7437111731199434,5,,43800.0
XGBoost,M_L17280_g26,5,0.8260750507099391,0.7718564368561969,0.7702534036330055,5,,43800.0
XGBoost,M_L17280_g26,6,0.8216748969702824,0.7628044403872347,0.756471947769491,5,,43800.0
XGBoost,M_L17280_g26,7,0.7276091739377744,0.6950476944190289,0.6914314454329278,5,,43800.0
XGBoost,M_L17280_g26,8,0.7488160637818345,0.6958589719475456,0.6971369476962723,5,,43800.0
XGBoost,M_L17280_g26,9,0.738998153380126,0.6778664621849939,0.6681547905162224,5,,43800.0
XGBoost,M_L17280_g26,10,0.8711347623340524,0.794763484184253,0.7962097116675759,5,,43800.0
XGBoost,M_L17280_g26,11,0.8541174055829227,0.662909156295957,0.6626380339733332,5,,43800.0
XGBoost,M_L17280_g26,12,0.8611923308595468,0.7666163475102814,0.7639335490259135,5,,43800.0
XGBoost,M_L17280_g26,13,0.8462824416164934,0.7624548633623214,0.7617994404602169,5,,43800.0
XGBoost,M_L17280_g26,14,0.8232905216684374,0.712107760665678,0.7192650425144845,5,,43800.0
XGBoost,M_L17280_g26,15,0.8467959032271912,0.7517779817665768,0.7520553771242973,5,,43800.0
XGBoost,M_L17280_g26,16,0.7988487334589008,0.6953683332590431,0.7046102212115268,5,,43800.0
XGBoost,M_L17280_g26,17,0.8333024780793543,0.7247305311199161,0.7281598676164714,5,,43800.0
XGBoost,M_L17280_g26,18,0.8384869656674929,0.6737356052906087,0.6955341511154275,5,,43800.0
XGBoost,M_L1_g0,1,0.8773024602026049,0.8586949268680503,0.8462391905686578,5,,43800.0
XGBoost,M_L1_g0,2,0.8573661360347323,0.8468274576835964,0.8394002740021348,5,,43800.0
XGBoost,M_L1_g0,3,0.8586512301013025,0.8389229183698358,0.8344372407634975,5,,43800.0
XGBoost,M_L1_g0,4,0.8599363241678727,0.8264759594104861,0.8215743212760079,5,,43800.0
XGBoost,M_L1_g0,5,0.8645325615050652,0.8430449801959237,0.8339206051389624,5,,43800.0
XGBoost,M_L1_g0,6,0.8431722141823444,0.8359173037051184,0.826150803139344,5,,43800.0
XGBoost,M_L1_g0,7,0.7925672937771345,0.7782154895354217,0.7750193783992503,5,,43800.0
XGBoost,M_L1_g0,8,0.7907727930535456,0.7589273444219634,0.7613289179989835,5,,43800.0
XGBoost,M_L1_g0,9,0.7895803183791607,0.7892993769443339,0.7793121089617735,5,,43800.0
XGBoost,M_L1_g0,10,0.8949464544138929,0.8587491059395018,0.8583121796201774,5,,43800.0
XGBoost,M_L1_g0,11,0.8780781476121563,0.7204128695941264,0.7376866289292366,5,,43800.0
XGBoost,M_L1_g0,12,0.8823617945007236,0.8590739435627839,0.851833357265812,5,,43800.0
XGBoost,M_L1_g0,13,0.8829522431259045,0.8387661560602806,0.838945885014416,5,,43800.0
XGBoost,M_L1_g0,14,0.859739507959479,0.8048262563034019,0.8154377449274183,5,,43800.0
XGBoost,M_L1_g0,15,0.8701244573082489,0.8418452807872727,0.8384199982235934,5,,43800.0
XGBoost,M_L1_g0,16,0.8401157742402315,0.7615731143529423,0.7761650300725389,5,,43800.0
XGBoost,M_L1_g0,17,0.8567293777134587,0.7889569672293513,0.7929168197145384,5,,43800.0
XGBoost,M_L1_g0,18,0.8736787264833573,0.7680828393490546,0.7959725059620217,5,,43800.0
XGBoost,M_L25_g0,1,0.8580028943560057,0.8306038660712005,0.8199510936617649,5,,43800.0
XGBoost,M_L25_g0,2,0.839930535455861,0.8268371868928469,0.8195658800463855,5,,43800.0
XGBoost,M_L25_g0,3,0.8426975397973951,0.8205716393701886,0.8158256258727757,5,,43800.0
XGBoost,M_L25_g0,4,0.8403473227206947,0.8005045961404311,0.7969914054384916,5,,43800.0
XGBoost,M_L25_g0,5,0.849493487698987,0.8249775850816627,0.8158942989535156,5,,43800.0
XGBoost,M_L25_g0,6,0.8276237337192475,0.8176532661024509,0.8086165985923552,5,,43800.0
XGBoost,M_L25_g0,7,0.7609609261939219,0.7441329420582946,0.741005512383474,5,,43800.0
XGBoost,M_L25_g0,8,0.7649551374819102,0.7318542966389587,0.7327641407014076,5,,43800.0
XGBoost,M_L25_g0,9,0.7565730824891462,0.7538316535390687,0.7449485415540273,5,,43800.0
XGBoost,M_L25_g0,10,0.8792706222865412,0.8361137999379951,0.8362977080035712,5,,43800.0
XGBoost,M_L25_g0,11,0.8623675832127352,0.6899863303193139,0.7006586968666141,5,,43800.0
XGBoost,M_L25_g0,12,0.8686772793053545,0.8415672837988607,0.8351103725152695,5,,43800.0
XGBoost,M_L25_g0,13,0.8634905933429812,0.8123532761231193,0.8121106472880306,5,,43800.0
XGBoost,M_L25_g0,14,0.8420028943560058,0.7814967689435688,0.7912592176828366,5,,43800.0
XGBoost,M_L25_g0,15,0.8571461649782923,0.8257579410670068,0.8222715246531236,5,,43800.0
XGBoost,M_L25_g0,16,0.8149580318379162,0.7267297227178554,0.7386387065944604,5,,43800.0
XGBoost,M_L25_g0,17,0.8402547033285094,0.7642891581515425,0.7675529067756632,5,,43800.0
XGBoost,M_L25_g0,18,0.857273516642547,0.7394663789235825,0.7653761626780169,5,,43800.0
XGBoost,M_L25_g26,1,0.8516121562952244,0.8178193051215302,0.8101625923107681,5,,43800.0
XGBoost,M_L25_g26,2,0.8327178002894357,0.8182923625838745,0.8113725743001993,5,,43800.0
XGBoost,M_L25_g26,3,0.8349985528219971,0.8088888031295076,0.806103649145865,5,,43800.0
XGBoost,M_L25_g26,4,0.8343849493487699,0.794813092971018,0.7907570884294655,5,,43800.0
XGBoost,M_L25_g26,5,0.8440057887120116,0.8156353559688935,0.8078304468596406,5,,43800.0
XGBoost,M_L25_g26,6,0.8205036179450073,0.8100859750286871,0.8014461918214385,5,,43800.0
XGBoost,M_L25_g26,7,0.7398205499276411,0.7219402411657417,0.7194545265041661,5,,43800.0
XGBoost,M_L25_g26,8,0.7499971056439942,0.7149323593935343,0.7160775581546337,5,,43800.0
XGBoost,M_L25_g26,9,0.7383386396526773,0.7336450766396897,0.7260788909580131,5,,43800.0
XGBoost,M_L25_g26,10,0.8753921852387844,0.8306260507856091,0.8308694019200129,5,,43800.0
XGBoost,M_L25_g26,11,0.8572272069464544,0.6889072926982297,0.6985300807656672,5,,43800.0
XGBoost,M_L25_g26,12,0.8650998552821998,0.8362424751251923,0.8303094197304942,5,,43800.0
XGBoost,M_L25_g26,13,0.8560926193921853,0.7968754877379162,0.7992626333476038,5,,43800.0
XGBoost,M_L25_g26,14,0.8356816208393631,0.7744894438290617,0.7836637732875772,5,,43800.0
XGBoost,M_L25_g26,15,0.8515311143270623,0.8179606732441597,0.8151574565116114,5,,43800.0
XGBoost,M_L25_g26,16,0.8055918958031839,0.7177727740574231,0.7274373191409278,5,,43800.0
XGBoost,M_L25_g26,17,0.8378002894356005,0.7593535771386644,0.7630935830720814,5,,43800.0
XGBoost,M_L25_g26,18,0.8507901591895803,0.7293719913289899,0.7552439058719728,5,,43800.0
XGBoost,M_L300_g26,1,0.8484659416586433,0.8180084885930435,0.8065343093971326,5,,43800.0
XGBoost,M_L300_g26,2,0.8314469877003139,0.8136058990353874,0.8068179262079921,5,,43800.0
XGBoost,M_L300_g26,3,0.8317650331547386,0.8072794093173258,0.8009311344711403,5,,43800.0
XGBoost,M_L300_g26,4,0.8346184658563324,0.7932617744168406,0.7889253565097498,5,,43800.0
XGBoost,M_L300_g26,5,0.8436468198820372,0.8170475882896968,0.8064710008227415,5,,43800.0
XGBoost,M_L300_g26,6,0.8211029044312704,0.8077543024486535,0.7981558743937361,5,,43800.0
XGBoost,M_L300_g26,7,0.7380698896397015,0.7173020662200817,0.7149305235434713,5,,43800.0
XGBoost,M_L300_g26,8,0.7564174473729974,0.7193927530290904,0.7206712757027691,5,,43800.0
XGBoost,M_L300_g26,9,0.73676742435851,0.7280271488026033,0.7184533831053679,5,,43800.0
XGBoost,M_L300_g26,10,0.8736425541563809,0.8259432048439072,0.8259799092922864,5,,43800.0
XGBoost,M_L300_g26,11,0.8568413237448984,0.6771779165978582,0.6843152242153321,5,,43800.0
XGBoost,M_L300_g26,12,0.8632296642128706,0.8329060982686748,0.826449811675263,5,,43800.0
XGBoost,M_L300_g26,13,0.8584454860751279,0.8030899257488139,0.8012855349099913,5,,43800.0
XGBoost,M_L300_g26,14,0.8343639648927944,0.7699184737137759,0.7797801815834666,5,,43800.0
XGBoost,M_L300_g26,15,0.8506948999364333,0.8160292273630029,0.8127375554345365,5,,43800.0
XGBoost,M_L300_g26,16,0.8003400811987728,0.7062739838164317,0.7162963858776894,5,,43800.0
XGBoost,M_L300_g26,17,0.8383552601316151,0.7580263623689442,0.7623615681390274,5,,43800.0
XGBoost,M_L300_g26,18,0.84661704306204,0.712233787388505,0.7387725398073294,5,,43800.0
XGBoost,M_L3600_g26,1,0.8521070275073404,0.8119300377913955,0.803948667908743,5,,43800.0
XGBoost,M_L3600_g26,2,0.8119517230721682,0.767743616416421,0.7626760850352788,5,,43800.0
XGBoost,M_L3600_g26,3,0.8343908746716118,0.7967825917407718,0.7957419432630326,5,,43800.0
XGBoost,M_L3600_g26,4,0.8307938881162109,0.7804581118239738,0.7798859315759268,5,,43800.0
XGBoost,M_L3600_g26,5,0.8422745634368722,0.8106382008299542,0.8012790360430225,5,,43800.0
XGBoost,M_L3600_g26,6,0.8215930265801268,0.8008221499584284,0.792943612435511,5,,43800.0
XGBoost,M_L3600_g26,7,0.7347541531447999,0.7065196391025055,0.702357524044361,5,,43800.0
XGBoost,M_L3600_g26,8,0.756463224385721,0.7179344582558376,0.7195565621274187,5,,43800.0
XGBoost,M_L3600_g26,9,0.744867462525112,0.7024523542580801,0.69482163972423,5,,43800.0
XGBoost,M_L3600_g26,10,0.8716746638850255,0.8121293543754181,0.8079292610404044,5,,43800.0
XGBoost,M_L3600_g26,11,0.8543987791685984,0.6734081223147969,0.6785278859082093,5,,43800.0
XGBoost,M_L3600_g26,12,0.859989062741462,0.8056058065834693,0.8023063454839539,5,,43800.0
XGBoost,M_L3600_g26,13,0.8470064055014681,0.7831507986053475,0.7792206288806227,5,,43800.0
XGBoost,M_L3600_g26,14,0.8312819309225776,0.7280428776862936,0.7369711132134149,5,,43800.0
XGBoost,M_L3600_g26,15,0.8551459434399629,0.7963220821996316,0.794408584400966,5,,43800.0
XGBoost,M_L3600_g26,16,0.8003719247411528,0.7077787475543349,0.7159510749429222,5,,43800.0
XGBoost,M_L3600_g26,17,0.8292506490496059,0.7429183061556863,0.7480754246315412,5,,43800.0
XGBoost,M_L3600_g26,18,0.8448074370267348,0.6950076413639317,0.7208791956185395,5,,43800.0
