animal,arm,accuracy,balanced_accuracy,f1_macro,rum_min_bias,eat_min_bias
1,cnn1d|ce_only|none|s1,0.8065759768451519,0.7867799875486532,0.7728390691294217,-170.63333333333333,43.0333333333333
1,cnn1d|ce_only|weighted|s1,0.7775397973950796,0.8055212215770706,0.7501041522397789,-234.55,230.09999999999997
1,cnn1d|multitask|none|s1,0.8228191027496382,0.8331009837076006,0.7918087253977681,-177.76666666666665,163.68333333333334
1,cnn1d|multitask|none|s2,0.7714500723589002,0.7886606367563932,0.7390535658751545,-228.45,228.16666666666669
1,cnn1d|multitask|none|s3,0.8424196816208394,0.8169257546546055,0.802066534218952,-72.63333333333333,62.68333333333334
1,cnn1d|multitask|weighted|s1,0.5418581765557163,0.627647156760543,0.4787172035162643,-564.8833333333333,620.1166666666667
1,cnn1d|multitask|weighted|s2,0.8384949348769899,0.8388576841544402,0.8069364378798366,-123.09999999999997,127.61666666666667
1,cnn1d|multitask|weighted|s3,0.837314037626628,0.8300005509511091,0.8027256768877632,-96.75,115.58333333333331
1,lstm|multitask|none|s1,0.8368277858176556,0.8073950294527141,0.7956646008054373,-102.06666666666666,45.19999999999999
1,lstm|multitask|weighted|s1,0.827287988422576,0.7898396622911518,0.7828738436271863,-112.66666666666663,25.5
1,lstm|multitask|weighted|s2,0.7969898697539798,0.8204474845283217,0.7702192712660999,-174.89999999999998,233.01666666666665
1,lstm|multitask|weighted|s3,0.6330882778581766,0.6934714617504971,0.5997019288264697,-430.1833333333333,474.9
2,cnn1d|ce_only|none|s1,0.8305412445730825,0.8167346055723822,0.8091836945052188,-78.83333333333337,34.10000000000002
2,cnn1d|ce_only|weighted|s1,0.8191259044862518,0.8243341223052347,0.8041452731154589,-114.61666666666667,136.23333333333335
2,cnn1d|multitask|none|s1,0.8261186685962373,0.8113450811824746,0.804465680289022,-61.116666666666674,36.56666666666666
2,cnn1d|multitask|none|s2,0.8297771345875543,0.8163354703252037,0.8088777571628761,-66.48333333333335,37.950000000000045
2,cnn1d|multitask|none|s3,0.822876989869754,0.7936864053039252,0.7941059711116288,-44.866666666666674,-26.66666666666663
2,cnn1d|multitask|weighted|s1,0.8208740955137482,0.82218427310056,0.8046443475970797,-100.56666666666672,118.70000000000005
2,cnn1d|multitask|weighted|s2,0.8164630969609262,0.8173006584252436,0.8000776551931293,-94.06666666666672,123.05000000000001
2,cnn1d|multitask|weighted|s3,0.8013545586107091,0.7998696568736555,0.784413261628942,-64.0,129.08333333333337
2,lstm|multitask|none|s1,0.8284341534008683,0.8062354474869492,0.8028614386103756,-79.63333333333333,-4.233333333333292
2,lstm|multitask|weighted|s1,0.8216266280752532,0.8185759553884012,0.8039396290741193,-84.51666666666665,100.5
2,lstm|multitask|weighted|s2,0.7981939218523878,0.8114234782344288,0.7862198550732685,-128.36666666666667,196.41666666666669
2,lstm|multitask|weighted|s3,0.8041215629522431,0.8135081874771233,0.7909709091431839,-107.33333333333337,167.86666666666667
3,cnn1d|ce_only|none|s1,0.8222865412445731,0.7743095716609923,0.7812320987351544,-66.7166666666667,-43.55000000000001
3,cnn1d|ce_only|weighted|s1,0.8201215629522431,0.8158453152177811,0.797394573258364,-99.15000000000003,120.71666666666664
3,cnn1d|multitask|none|s1,0.8079421128798843,0.7426371190048525,0.7538690808762851,-54.85000000000002,-96.70000000000002
3,cnn1d|multitask|none|s2,0.8145643994211288,0.7562957428502578,0.7689531101287171,-80.4666666666667,-83.51666666666668
3,cnn1d|multitask|none|s3,0.8024891461649782,0.7294399430263129,0.7424771532847,-56.30000000000001,-124.65
3,cnn1d|multitask|weighted|s1,0.82594500723589,0.8141807912022735,0.8005524682153956,-97.44999999999999,90.43333333333334
3,cnn1d|multitask|weighted|s2,0.818836468885673,0.8097035846899895,0.7942614032279826,-90.25,104.30000000000001
3,cnn1d|multitask|weighted|s3,0.821163531114327,0.7991682480180424,0.7917659180637617,-83.01666666666665,54.26666666666665
3,lstm|multitask|none|s1,0.7997684515195369,0.728157362574351,0.7393532391900822,-48.03333333333336,-115.46666666666667
3,lstm|multitask|weighted|s1,0.8154558610709117,0.8025085083655398,0.7895411963616907,-110.41666666666669,89.36666666666667
3,lstm|multitask|weighted|s2,0.8120289435600578,0.8051835391032004,0.7880505649526818,-99.73333333333335,119.34999999999997
3,lstm|multitask|weighted|s3,0.7966657018813315,0.7927480211295871,0.7710876089425249,-162.91666666666669,143.48333333333335
4,cnn1d|ce_only|none|s1,0.829452966714906,0.7826300707839623,0.7826241897060348,-43.05000000000001,7.683333333333337
4,cnn1d|ce_only|weighted|s1,0.8178986975397974,0.7991950700671152,0.779725153650174,-122.09999999999997,104.11666666666665
4,cnn1d|multitask|none|s1,0.8302865412445731,0.7904120090581729,0.7867635049721814,-46.71666666666664,23.383333333333354
4,cnn1d|multitask|none|s2,0.8176208393632417,0.7486203590169428,0.7557898663041042,5.2333333333333485,-42.48333333333335
4,cnn1d|multitask|none|s3,0.8271374819102749,0.7816706858011879,0.7823575229118074,-80.64999999999998,11.833333333333314
4,cnn1d|multitask|weighted|s1,0.8087293777134588,0.8008225229723585,0.7725998156126016,-158.58333333333331,141.36666666666665
4,cnn1d|multitask|weighted|s2,0.8255976845151953,0.8000280074175041,0.7865814541023147,-83.51666666666665,71.95000000000002
4,cnn1d|multitask|weighted|s3,0.8255050651230101,0.8081807006459766,0.7890564780913003,-88.23333333333329,96.71666666666667
4,lstm|multitask|none|s1,0.7882720694645441,0.7354568517137023,0.7425241080908468,-137.76666666666665,-13.066666666666663
4,lstm|multitask|weighted|s1,0.7904023154848047,0.7735479765776274,0.7515741114153559,-157.41666666666663,110.61666666666665
4,lstm|multitask|weighted|s2,0.8231895803183792,0.7868385007621977,0.7799282229754256,-75.71666666666664,43.41666666666666
4,lstm|multitask|weighted|s3,0.8274037626628076,0.8112946031674301,0.7914474944299926,-87.84999999999997,98.36666666666665
5,cnn1d|ce_only|none|s1,0.8264312590448625,0.7805025830011291,0.7819683798902748,-93.39999999999998,4.866666666666674
5,cnn1d|ce_only|weighted|s1,0.8282489146164979,0.815136503673067,0.7947255831624664,-111.34999999999997,106.6
5,cnn1d|multitask|none|s1,0.8249261939218524,0.7759821614073511,0.7802267065850929,-84.51666666666665,-9.349999999999994
5,cnn1d|multitask|none|s2,0.8273806078147612,0.7837153082532814,0.784162895502385,-95.5333333333333,9.53333333333336
5,cnn1d|multitask|none|s3,0.8281562952243126,0.7783603144264148,0.7831163593180062,-78.44999999999999,-12.583333333333314
5,cnn1d|multitask|weighted|s1,0.8268133140376266,0.809471586642326,0.7922643556240239,-114.75,91.00000000000003
5,cnn1d|multitask|weighted|s2,0.8305412445730825,0.812656729684293,0.796025261414941,-113.96666666666664,87.66666666666666
5,cnn1d|multitask|weighted|s3,0.8293487698986975,0.8157303615686903,0.7955587712759732,-106.88333333333333,104.33333333333334
5,lstm|multitask|none|s1,0.821452966714906,0.7739724315490512,0.7772418198685153,-98.66666666666663,-3.8999999999999773
5,lstm|multitask|weighted|s1,0.8278784370477569,0.8075464437972398,0.7932646270821273,-123.36666666666667,75.4
5,lstm|multitask|weighted|s2,0.8263039073806078,0.8199126867871033,0.7943516672177781,-122.83333333333331,129.0666666666667
5,lstm|multitask|weighted|s3,0.8224370477568741,0.8130350103248678,0.7908245530374783,-133.06666666666666,112.21666666666667
6,cnn1d|ce_only|none|s1,0.8175513748191028,0.792718362244747,0.793949839690859,-96.48333333333329,4.199999999999989
6,cnn1d|ce_only|weighted|s1,0.8178523878437047,0.8121797554936067,0.7999257596099426,-139.95,100.25
6,cnn1d|multitask|none|s1,0.8147149059334298,0.7884177942648778,0.7902215534420055,-92.54999999999995,-1.6333333333333826
6,cnn1d|multitask|none|s2,0.7788827785817656,0.7417886851809019,0.7478644685365907,-73.88333333333333,-52.31666666666669
6,cnn1d|multitask|none|s3,0.8075600578871202,0.774890388111383,0.7786429050871244,-46.89999999999998,-27.83333333333337
6,cnn1d|multitask|weighted|s1,0.8210593342981186,0.8112942321908226,0.8021050925686546,-130.06666666666666,79.58333333333331
6,cnn1d|multitask|weighted|s2,0.8053950795947902,0.7922178892895452,0.785597086604792,-136.04999999999995,55.46666666666664
6,cnn1d|multitask|weighted|s3,0.8100260492040521,0.7962714696587048,0.7899097596385226,-125.43333333333328,59.64999999999998
6,lstm|multitask|none|s1,0.7947785817655572,0.7674934687428604,0.770377358664248,-114.14999999999998,-12.966666666666697
6,lstm|multitask|weighted|s1,0.8152011577424023,0.8030936600564694,0.7960798298342892,-129.89999999999998,62.083333333333314
6,lstm|multitask|weighted|s2,0.8161157742402315,0.801053190472658,0.7958794478454667,-114.21666666666664,50.049999999999955
6,lstm|multitask|weighted|s3,0.8141013024602026,0.798844223926802,0.7935735778172567,-119.58333333333331,50.25
7,cnn1d|ce_only|none|s1,0.7223733719247467,0.7257279496061498,0.7090966033445013,-59.21666666666658,138.91666666666663
7,cnn1d|ce_only|weighted|s1,0.7084920405209841,0.7253700158910782,0.6977486421447859,-99.19999999999993,234.09999999999997
7,cnn1d|multitask|none|s1,0.7229522431259044,0.7291746231078896,0.7105158702882459,-74.61666666666667,154.59999999999997
7,cnn1d|multitask|none|s2,0.7320057887120116,0.7332132997309393,0.7186161979554377,-91.5333333333333,124.29999999999995
7,cnn1d|multitask|none|s3,0.7302112879884226,0.7306732745780478,0.7165788352574625,-88.75,121.08333333333331
7,cnn1d|multitask|weighted|s1,0.7097655571635311,0.7285611449338472,0.6993575393861149,-98.41666666666663,243.49999999999994
7,cnn1d|multitask|weighted|s2,0.7143502170767004,0.7294468777540087,0.7045918229135563,-117.08333333333331,215.08333333333331
7,cnn1d|multitask|weighted|s3,0.7134471780028944,0.7275335556505976,0.7023377393234235,-98.63333333333333,215.55
7,lstm|multitask|none|s1,0.7139681620839363,0.7118730113733333,0.6999148512586478,-8.799999999999955,98.94999999999999
7,lstm|multitask|weighted|s1,0.7101707670043416,0.7264733844995529,0.7001404469004813,-106.5333333333333,224.83333333333331
7,lstm|multitask|weighted|s2,0.6839363241678726,0.7070784766760178,0.6771656192745077,-142.5166666666666,275.21666666666664
7,lstm|multitask|weighted|s3,0.7074153400868307,0.7252731679382771,0.6986791233629042,-129.79999999999995,234.40000000000003
8,cnn1d|ce_only|none|s1,0.48598552821997104,0.5440944587517137,0.4314439201267814,-549.7166666666667,563.9166666666667
8,cnn1d|ce_only|weighted|s1,0.4511606367583213,0.5242930621686326,0.3999652447378432,-572.6166666666667,671.5
8,cnn1d|multitask|none|s1,0.4682836468885673,0.5307762006581892,0.40458799251714184,-569.4,590.4000000000001
8,cnn1d|multitask|none|s2,0.45621997105643997,0.5217946427253464,0.4016052674110675,-550.3833333333333,611.1833333333334
8,cnn1d|multitask|none|s3,0.4817597684515195,0.5385226915938489,0.4367067227571104,-523.2333333333333,560.0166666666667
8,cnn1d|multitask|weighted|s1,0.4317568740955137,0.5115534892191022,0.39047170574769274,-566.5166666666667,727.0
8,cnn1d|multitask|weighted|s2,0.43209261939218524,0.5123569360490537,0.3796555919703957,-585.9333333333334,725.4333333333334
8,cnn1d|multitask|weighted|s3,0.45032706222865415,0.5253488639507384,0.39532189318389466,-579.0500000000001,681.55
8,lstm|multitask|none|s1,0.48170188133140374,0.5280105860811198,0.40507216793061035,-561.8333333333334,468.43333333333334
8,lstm|multitask|weighted|s1,0.4528740955137482,0.5259288118755733,0.3953625326898346,-578.35,663.7
8,lstm|multitask|weighted|s2,0.4431722141823444,0.516062905353687,0.39266888301705555,-563.7833333333333,671.3499999999999
8,lstm|multitask|weighted|s3,0.4417250361794501,0.5195385878318923,0.39139418576257495,-577.0666666666667,705.0666666666666
9,cnn1d|ce_only|none|s1,0.7332098408104197,0.7240437828346119,0.717809884129537,-94.91666666666669,52.31666666666666
9,cnn1d|ce_only|weighted|s1,0.7224891461649783,0.7339423473797805,0.715569663086376,-184.95000000000005,176.31666666666666
9,cnn1d|multitask|none|s1,0.7376671490593343,0.7402641766968733,0.727873603612518,-142.60000000000002,102.13333333333333
9,cnn1d|multitask|none|s2,0.7259971056439942,0.7173219562132725,0.7102933843152224,-142.63333333333338,32.14999999999998
9,cnn1d|multitask|none|s3,0.5977887120115775,0.6099592108914056,0.5805186172703051,-289.25,136.05
9,cnn1d|multitask|weighted|s1,0.73794500723589,0.7470788983742298,0.7306553157466511,-131.95000000000005,173.33333333333331
9,cnn1d|multitask|weighted|s2,0.552301013024602,0.599411116420154,0.5275299830439174,-460.73333333333335,394.75
9,cnn1d|multitask|weighted|s3,0.5694819102749639,0.6183445556728735,0.5569289157190854,-426.20000000000005,439.1833333333333
9,lstm|multitask|none|s1,0.672150506512301,0.6417354419802633,0.6403710579396504,-99.43333333333334,-125.30000000000001
9,lstm|multitask|weighted|s1,0.7218986975397974,0.7150733074194712,0.707393842810505,-122.56666666666666,49.71666666666664
9,lstm|multitask|weighted|s2,0.7435600578871201,0.745677222910424,0.7335817933970658,-125.38333333333338,112.68333333333334
9,lstm|multitask|weighted|s3,0.7450303907380608,0.7377126060362156,0.7310307388033879,-93.18333333333334,55.06666666666666
10,cnn1d|ce_only|none|s1,0.8645672937771346,0.8366371729698202,0.8247604519718378,-89.7833333333333,43.0
10,cnn1d|ce_only|weighted|s1,0.8294876989869754,0.8440451810184485,0.7959774542092357,-125.99999999999994,187.36666666666667
10,cnn1d|multitask|none|s1,0.8564630969609262,0.8437877336937984,0.818983759033516,-96.13333333333333,87.0
10,cnn1d|multitask|none|s2,0.8645557163531115,0.8333331002100639,0.824022351387213,-93.31666666666666,35.18333333333334
10,cnn1d|multitask|none|s3,0.8630853835021708,0.8438656162632235,0.8242465951040071,-104.96666666666664,69.30000000000001
10,cnn1d|multitask|weighted|s1,0.8193458755426918,0.8364557812675963,0.7865115269129369,-130.89999999999998,199.23333333333335
10,cnn1d|multitask|weighted|s2,0.8465643994211288,0.8509131101949713,0.8113960474769856,-112.29999999999995,143.10000000000002
10,cnn1d|multitask|weighted|s3,0.8474211287988422,0.8537468439092123,0.8128491410920322,-112.09999999999997,148.25
10,lstm|multitask|none|s1,0.8337829232995658,0.8191627579702461,0.7908178259940777,-140.7833333333333,107.25
10,lstm|multitask|weighted|s1,0.8286425470332851,0.8306537883678325,0.7902177577104318,-147.14999999999998,157.78333333333336
10,lstm|multitask|weighted|s2,0.7545701881331404,0.7818108760676217,0.7185810647074296,-242.86666666666662,297.03333333333336
10,lstm|multitask|weighted|s3,0.794315484804631,0.8126423356344339,0.7577841429592871,-194.24999999999994,234.35000000000002
11,cnn1d|ce_only|none|s1,0.8269753979739508,0.7519940184033073,0.724864819890121,-37.83333333333337,87.0
11,cnn1d|ce_only|weighted|s1,0.757985528219971,0.7725606407487543,0.6923873337825225,-103.91666666666669,286.05
11,cnn1d|multitask|none|s1,0.8221244573082489,0.7575647324251505,0.7239043360486362,-47.83333333333337,108.11666666666667
11,cnn1d|multitask|none|s2,0.837603473227207,0.7459062615297166,0.7282926368623751,-45.18333333333334,63.5
11,cnn1d|multitask|none|s3,0.8320694645441389,0.736479881416496,0.720567777366801,-34.56666666666666,57.883333333333326
11,cnn1d|multitask|weighted|s1,0.739959479015919,0.7645279344496441,0.6790312977254619,-126.26666666666671,318.5833333333333
11,cnn1d|multitask|weighted|s2,0.8013892908827785,0.7757379183788556,0.7181576906393105,-83.91666666666669,187.48333333333335
11,cnn1d|multitask|weighted|s3,0.7585296671490593,0.7683916824160617,0.6908215031986339,-103.06666666666666,275.73333333333335
11,lstm|multitask|none|s1,0.8360868306801736,0.756946269797654,0.7324045744154177,-112.86666666666667,89.83333333333334
11,lstm|multitask|weighted|s1,0.7595137481910275,0.7739078520056021,0.6918068054450887,-139.88333333333333,289.76666666666665
11,lstm|multitask|weighted|s2,0.7386628075253256,0.7631292188140897,0.6783766394445397,-108.19999999999999,316.53333333333336
11,lstm|multitask|weighted|s3,0.7442894356005789,0.748039285732668,0.6760904976590679,-82.05000000000001,278.53333333333336
12,cnn1d|ce_only|none|s1,0.8592532561505065,0.8283161924481108,0.8237161390830026,-82.03333333333336,28.133333333333326
12,cnn1d|ce_only|weighted|s1,0.847108538350217,0.8542456843481671,0.821940695264474,-105.83333333333337,150.41666666666669
12,cnn1d|multitask|none|s1,0.8544833574529667,0.8421612441001421,0.8243804912076577,-65.75000000000006,82.56666666666666
12,cnn1d|multitask|none|s2,0.8603299565846599,0.8384513982335928,0.8276274616578135,-81.51666666666671,53.73333333333335
12,cnn1d|multitask|none|s3,0.8547496382054993,0.8411071225894472,0.8235324759424554,-103.00000000000006,86.16666666666669
12,cnn1d|multitask|weighted|s1,0.8226222865412446,0.8454013763633942,0.8018676553021188,-116.78333333333336,218.7166666666667
12,cnn1d|multitask|weighted|s2,0.8457655571635311,0.8528923385317898,0.8203307442046355,-103.65000000000003,154.7
12,cnn1d|multitask|weighted|s3,0.8388654124457309,0.8552771807151739,0.8157723813400546,-121.91666666666669,188.89999999999998
12,lstm|multitask|none|s1,0.8567293777134588,0.8327465317220715,0.8230904534234722,-96.50000000000006,51.166666666666686
12,lstm|multitask|weighted|s1,0.8392706222865413,0.8555488012612201,0.8164329898902745,-117.16666666666669,186.88333333333333
12,lstm|multitask|weighted|s2,0.8204804630969609,0.8461062138919025,0.8001006385873417,-132.75000000000006,231.5
12,lstm|multitask|weighted|s3,0.8356816208393633,0.8512729264342688,0.8124239061420725,-117.11666666666667,188.61666666666667
13,cnn1d|ce_only|none|s1,0.812712011577424,0.7419079849016682,0.7420049010002844,-58.64999999999998,0.75
13,cnn1d|ce_only|weighted|s1,0.8042489146164978,0.7769691454823878,0.751311704045775,-131.89999999999998,114.9
13,cnn1d|multitask|none|s1,0.8193458755426918,0.7773147790556193,0.7642631970006559,-80.73333333333329,55.650000000000006
13,cnn1d|multitask|none|s2,0.8118205499276411,0.7552313497312876,0.7459524031611147,-82.0,46.21666666666667
13,cnn1d|multitask|none|s3,0.8181534008683068,0.7198351990297924,0.7299588159877825,-64.29999999999995,-56.71666666666667
13,cnn1d|multitask|weighted|s1,0.7829348769898697,0.7800997563518061,0.7395163760847087,-114.5333333333333,190.25000000000003
13,cnn1d|multitask|weighted|s2,0.8117047756874095,0.7842488970093733,0.7591345496843128,-110.25,108.96666666666667
13,cnn1d|multitask|weighted|s3,0.8049782923299565,0.7799709850373541,0.7556642247825999,-120.48333333333329,102.29999999999998
13,lstm|multitask|none|s1,0.8322431259044862,0.7424128294384221,0.7522624221184779,-57.85000000000002,-45.46666666666667
13,lstm|multitask|weighted|s1,0.7962026049204052,0.7762018270992884,0.7456580726179514,-122.98333333333329,141.4333333333333
13,lstm|multitask|weighted|s2,0.8018523878437048,0.7870096750533172,0.7540316692032437,-121.41666666666663,143.15
13,lstm|multitask|weighted|s3,0.7939681620839363,0.7721728882093924,0.7431626325840849,-128.68333333333334,133.5666666666667
14,cnn1d|ce_only|none|s1,0.8308885672937771,0.7458831405501319,0.76863395597143,-85.16666666666669,-59.66666666666666
14,cnn1d|ce_only|weighted|s1,0.8329725036179451,0.7735890326702578,0.7832590086564096,-85.16666666666669,-1.6166666666666742
14,cnn1d|multitask|none|s1,0.8320347322720695,0.7462211889590766,0.7691740030837458,-71.78333333333336,-67.08333333333334
14,cnn1d|multitask|none|s2,0.820561505065123,0.7349203825489918,0.756334495329917,-98.38333333333338,-52.48333333333332
14,cnn1d|multitask|none|s3,0.8138581765557164,0.6965138407236641,0.7141816037506704,-30.416666666666686,-122.63333333333334
14,cnn1d|multitask|weighted|s1,0.8329146164978293,0.7701380709013588,0.7811202176662707,-81.10000000000002,-8.433333333333337
14,cnn1d|multitask|weighted|s2,0.8086483357452967,0.7409715908655427,0.7488405849721275,-130.4666666666667,18.98333333333332
14,cnn1d|multitask|weighted|s3,0.8144833574529667,0.7587899706829188,0.762854463822466,-95.41666666666669,24.94999999999999
14,lstm|multitask|none|s1,0.8218929088277859,0.7410573459172225,0.7602075081638074,-101.81666666666672,-39.81666666666666
14,lstm|multitask|weighted|s1,0.816301013024602,0.7617215457577292,0.764487101497736,-115.48333333333335,36.80000000000001
14,lstm|multitask|weighted|s2,0.8031259044862518,0.7683663606718826,0.7582433600264533,-117.53333333333336,92.73333333333335
14,lstm|multitask|weighted|s3,0.8171114327062229,0.770716404784275,0.770198668456891,-90.61666666666667,39.116666666666674
15,cnn1d|ce_only|none|s1,0.82421997105644,0.7880495859123021,0.7842722987294302,-116.48333333333329,30.73333333333335
15,cnn1d|ce_only|weighted|s1,0.7917337192474675,0.8033702539544162,0.765829875121225,-151.0,208.13333333333333
15,cnn1d|multitask|none|s1,0.8033227206946454,0.7709499570032303,0.7620757365787564,-130.66666666666663,62.51666666666665
15,cnn1d|multitask|none|s2,0.8325441389290883,0.7959838832684386,0.7936724045330714,-115.55000000000001,21.566666666666663
15,cnn1d|multitask|none|s3,0.8170535455861071,0.7804780812684274,0.7750570475375049,-112.81666666666666,42.51666666666665
15,cnn1d|multitask|weighted|s1,0.7810593342981187,0.7992472913626791,0.7581396759787321,-149.59999999999997,234.48333333333335
15,cnn1d|multitask|weighted|s2,0.807178002894356,0.8091498082243022,0.7781914417728678,-148.46666666666664,164.86666666666667
15,cnn1d|multitask|weighted|s3,0.8012503617945007,0.8123525032078978,0.7756454415217146,-134.14999999999998,196.48333333333335
15,lstm|multitask|none|s1,0.8138234442836468,0.7652203338601202,0.766592990089119,-128.09999999999997,7.466666666666669
15,lstm|multitask|weighted|s1,0.7946628075253256,0.8042477292960686,0.768769096626956,-147.8,197.11666666666667
15,lstm|multitask|weighted|s2,0.782356005788712,0.8031774608227417,0.7592368449582003,-173.7,239.51666666666665
15,lstm|multitask|weighted|s3,0.7884225759768452,0.7894420752016993,0.759241038216735,-159.66666666666663,178.01666666666665
16,cnn1d|ce_only|none|s1,0.7945701881331404,0.6726993587682539,0.6919742637684588,-93.93333333333334,-81.31666666666668
16,cnn1d|ce_only|weighted|s1,0.7975918958031838,0.7327584132993401,0.7308148557408827,-106.96666666666664,42.633333333333326
16,cnn1d|multitask|none|s1,0.7830506512301013,0.6349614534736352,0.6373658305998878,-5.866666666666674,-120.43333333333334
16,cnn1d|multitask|none|s2,0.7685788712011578,0.6247551823044087,0.641175758137522,-116.38333333333333,-116.88333333333334
16,cnn1d|multitask|none|s3,0.7874153400868307,0.6576910042587031,0.6763285583110021,-101.59999999999997,-91.13333333333334
16,cnn1d|multitask|weighted|s1,0.7993632416787265,0.7217515244487315,0.7261027098739069,-100.46666666666664,14.949999999999989
16,cnn1d|multitask|weighted|s2,0.7960636758321273,0.7094098218067666,0.7196832592007553,-133.61666666666667,-3.066666666666663
16,cnn1d|multitask|weighted|s3,0.7767178002894356,0.6947647517399341,0.6984311405855212,-158.5333333333333,33.866666666666674
16,lstm|multitask|none|s1,0.7901128798842257,0.6703372360227924,0.690790968592855,-109.69999999999999,-77.5
16,lstm|multitask|weighted|s1,0.7825991316931983,0.7114243185629564,0.7106346562028066,-163.46666666666664,51.76666666666665
16,lstm|multitask|weighted|s2,0.7665528219971056,0.701578639641915,0.6965145718636586,-179.59999999999997,70.06666666666663
16,lstm|multitask|weighted|s3,0.7778871201157742,0.6995486220472179,0.7023600534884272,-163.16666666666663,37.23333333333332
17,cnn1d|ce_only|none|s1,0.8284920405209841,0.772964295890091,0.7635668392709377,-46.98333333333335,41.68333333333334
17,cnn1d|ce_only|weighted|s1,0.8181881331403763,0.8126905776604127,0.77201631390187,-86.66666666666669,153.68333333333334
17,cnn1d|multitask|none|s1,0.8333892908827786,0.7766549780106855,0.7700952983431861,-78.65000000000003,32.25
17,cnn1d|multitask|none|s2,0.8277510853835022,0.7645298900790216,0.7593313462046077,-96.66666666666669,31.333333333333343
17,cnn1d|multitask|none|s3,0.8307496382054993,0.7758912391777821,0.7667324190352566,-82.61666666666667,44.18333333333334
17,cnn1d|multitask|weighted|s1,0.8146338639652677,0.7998847588598347,0.7646220502880006,-91.16666666666669,141.7
17,cnn1d|multitask|weighted|s2,0.8187438494934877,0.797443344862694,0.7667939749359894,-101.61666666666667,125.05000000000001
17,cnn1d|multitask|weighted|s3,0.7681041968162083,0.7901867986197494,0.7306455989469492,-155.90000000000003,261.5833333333333
17,lstm|multitask|none|s1,0.8035774240231548,0.7796826386059007,0.749478374239772,-127.18333333333334,130.76666666666665
17,lstm|multitask|weighted|s1,0.7981013024602026,0.8079385187006602,0.7564267283768916,-122.01666666666665,206.08333333333331
17,lstm|multitask|weighted|s2,0.7935397973950796,0.801966203103225,0.7508600729040151,-129.60000000000002,209.83333333333331
17,lstm|multitask|weighted|s3,0.786685962373372,0.7965470335785555,0.7445691102397104,-140.78333333333336,221.05
18,cnn1d|ce_only|none|s1,0.8041794500723589,0.7037563106369191,0.7043454471148154,-57.25,38.48333333333332
18,cnn1d|ce_only|weighted|s1,0.7500665701881332,0.7441453895294933,0.6930130624934772,-94.6333333333333,259.9
18,cnn1d|multitask|none|s1,0.7909348769898698,0.699086875317095,0.6924262379668132,-41.48333333333329,56.28333333333333
18,cnn1d|multitask|none|s2,0.8008451519536903,0.6915514670446322,0.6955455533587765,-64.41666666666663,33.26666666666665
18,cnn1d|multitask|none|s3,0.7959247467438495,0.70794438073685,0.701218788146892,-62.69999999999999,69.21666666666667
18,cnn1d|multitask|weighted|s1,0.7506222865412445,0.7330248527778164,0.688493916299643,-105.04999999999998,238.63333333333333
18,cnn1d|multitask|weighted|s2,0.7667149059334298,0.7364391373240466,0.6975909331162162,-103.7833333333333,213.23333333333335
18,cnn1d|multitask|weighted|s3,0.7439768451519537,0.7375108378902621,0.6857104895209695,-120.2833333333333,276.0833333333333
18,lstm|multitask|none|s1,0.8146338639652677,0.7215093982435787,0.7207133772072979,-40.44999999999999,30.73333333333332
18,lstm|multitask|weighted|s1,0.759918958031838,0.7586510316939591,0.7050229684601494,-77.96666666666664,246.26666666666665
18,lstm|multitask|weighted|s2,0.780040520984081,0.7344078136655406,0.7062880480583139,-122.08333333333331,169.16666666666669
18,lstm|multitask|weighted|s3,0.7538986975397974,0.7177749543436223,0.678341219933845,-141.58333333333331,225.88333333333333
1,xgboost|balanced,0.8458465991316932,0.8539018280841723,0.816592861459965,-115.66666666666663,147.56666666666666
1,xgboost|bp,0.9943270622286541,0.9922842435596847,0.9922766994417666,0.0,0.01666666666665151
1,xgboost|bp_lag1,0.9886657018813314,0.9845776167880541,0.9845703028005376,0.01666666666665151,0.01666666666665151
1,xgboost|none,0.8510217076700434,0.8138794335747113,0.8074246350464865,-50.85000000000002,25.383333333333326
2,xgboost|balanced,0.8017018813314037,0.8095803615960578,0.7880382808966931,-107.06666666666666,158.3
2,xgboost|bp,0.993794500723589,0.9926971550245787,0.9927319867383461,0.13333333333332575,-0.1166666666666174
2,xgboost|bp_lag1,0.9876931982633864,0.9855279929540274,0.9856043338762132,0.2666666666666515,-0.2666666666666515
2,xgboost|none,0.8226222865412446,0.8091757213645292,0.801521316532397,-73.5333333333333,39.48333333333335
3,xgboost|balanced,0.8262344428364689,0.8168775981040043,0.8020038197556421,-81.23333333333335,93.94999999999999
3,xgboost|bp,0.9935745296671491,0.9920438597666607,0.9921454369756884,0.33333333333337123,-0.3333333333333144
3,xgboost|bp_lag1,0.9871837916063676,0.9840857319147712,0.9843287807262128,0.8333333333333712,-0.8166666666666629
3,xgboost|none,0.8210477568740955,0.7758500438876826,0.7807003907835446,-21.08333333333337,-34.5
4,xgboost|balanced,0.8354616497829233,0.8130183677170534,0.7981991023017022,-74.84999999999997,72.9
4,xgboost|bp,0.9936787264833574,0.9911662820182113,0.9912971904055728,0.3000000000000682,-0.3333333333333428
4,xgboost|bp_lag1,0.9874616497829233,0.9825463306033319,0.9827376966757767,0.4500000000000455,-0.5
4,xgboost|none,0.8287698986975398,0.7675415196876608,0.7747033880542228,-14.649999999999977,-32.56666666666666
5,xgboost|balanced,0.8305759768451519,0.8188932728905836,0.7976011300208885,-114.33333333333331,107.21666666666667
5,xgboost|bp,0.9937713458755427,0.9918155758211791,0.9918218889868106,0.01666666666665151,-0.01666666666665151
5,xgboost|bp_lag1,0.9875311143270622,0.9836080259774954,0.9836265195167583,0.05000000000006821,-0.04999999999998295
5,xgboost|none,0.8327872648335746,0.7876681284498926,0.7900097726385179,-77.36666666666667,-1.5
6,xgboost|balanced,0.8271027496382055,0.8205276833539901,0.8092920175908843,-130.04999999999995,91.19999999999999
6,xgboost|bp,0.9927062228654124,0.991531295407373,0.9915479621352438,0.01666666666665151,-0.06666666666671972
6,xgboost|bp_lag1,0.9855166425470333,0.9831939156093495,0.9832248668524349,0.06666666666671972,-0.1333333333333826
6,xgboost|none,0.8147033285094066,0.7889667419825944,0.7905861757226896,-96.69999999999999,0.38333333333332575
7,xgboost|balanced,0.7103791606367583,0.7262631537417908,0.7002758146025269,-105.38333333333327,221.86666666666662
7,xgboost|bp,0.9933314037626628,0.9923331445267501,0.9923650511351515,0.2833333333334167,-0.08333333333337123
7,xgboost|bp_lag1,0.9865817655571635,0.9845782083442512,0.9846292126989548,0.466666666666697,-0.13333333333332575
7,xgboost|none,0.728451519536903,0.7296713392954857,0.7147367239086307,-60.483333333333235,123.18333333333334
8,xgboost|balanced,0.44309117221418237,0.5173077144291295,0.4000759758198473,-555.8833333333333,685.3333333333333
8,xgboost|bp,0.9904254703328509,0.9891202736988457,0.989079114190074,-0.16666666666662877,0.16666666666668561
8,xgboost|bp_lag1,0.9809435600578871,0.9783092972913963,0.9782641257277866,-0.2333333333333485,0.18333333333333712
8,xgboost|none,0.48947033285094066,0.5349732437725822,0.46104648424060324,-449.25,494.90000000000003
9,xgboost|balanced,0.7414182344428365,0.7494818759606385,0.7335579145045025,-146.05,159.08333333333331
9,xgboost|bp,0.9919536903039073,0.9909846622497156,0.991035886214975,0.2666666666666515,-0.21666666666664014
9,xgboost|bp_lag1,0.9838379160636759,0.9818873731500793,0.9819895724909183,0.5833333333332575,-0.4333333333333371
9,xgboost|none,0.7437105643994212,0.7319830404236068,0.727808519465155,-72.14999999999998,27.616666666666674
10,xgboost|balanced,0.8455108538350217,0.850092811493575,0.8097661733645883,-119.66666666666663,148.33333333333337
10,xgboost|bp,0.9948712011577424,0.9926897984317162,0.9926974695998588,0.033333333333416704,-0.01666666666665151
10,xgboost|bp_lag1,0.9897308248914617,0.9853506130954811,0.9853748883050026,0.05000000000006821,-0.04999999999998295
10,xgboost|none,0.8685267727930536,0.8437893211942521,0.829820801614294,-80.19999999999999,48.85000000000002
11,xgboost|balanced,0.7592243125904486,0.7660206897142866,0.689966360176934,-95.93333333333334,265.6166666666667
11,xgboost|bp,0.9937829232995659,0.9877196079908539,0.9877178295692185,0.01666666666665151,0.0
11,xgboost|bp_lag1,0.9876237337192475,0.9755479850171865,0.9755625373871495,0.01666666666665151,-0.01666666666665151
11,xgboost|none,0.8142170767004342,0.7454821513249472,0.7147657583020476,-25.816666666666663,98.13333333333333
12,xgboost|balanced,0.8470043415340087,0.8590641361659733,0.8228704118505942,-116.73333333333335,166.53333333333336
12,xgboost|bp,0.9935397973950796,0.9916718027579804,0.9916918509408382,0.01666666666665151,-0.04999999999998295
12,xgboost|bp_lag1,0.987068017366136,0.9833335450525759,0.9833652740324258,0.049999999999954525,-0.08333333333334281
12,xgboost|none,0.8606193921852388,0.836383405770516,0.8276210737635977,-83.35000000000002,44.75
13,xgboost|balanced,0.8432532561505065,0.806160168446273,0.7930848864169131,-60.41666666666663,49.46666666666667
13,xgboost|bp,0.9943849493487699,0.9919410169539792,0.9919597910532033,0.01666666666665151,-0.03333333333333144
13,xgboost|bp_lag1,0.988781476121563,0.9838699538604231,0.9839173929367667,-0.01666666666665151,-0.08333333333334281
13,xgboost|none,0.8383791606367583,0.7408213512031404,0.7554682098913905,3.4833333333333485,-72.78333333333333
14,xgboost|balanced,0.8306454413892909,0.7841291429513898,0.7848279159608489,-78.51666666666671,30.19999999999999
14,xgboost|bp,0.994535455861071,0.9925621301811779,0.9926099552629658,0.01666666666665151,-0.09999999999999432
14,xgboost|bp_lag1,0.989151953690304,0.9852441463979037,0.9853261434095293,0.0,-0.1666666666666572
14,xgboost|none,0.8309811866859623,0.742135927204135,0.760603800398666,-32.200000000000045,-73.94999999999999
15,xgboost|balanced,0.7969088277858176,0.8182586719877234,0.7750445010886168,-131.5333333333333,223.60000000000002
15,xgboost|bp,0.9932850940665702,0.9911530853213324,0.991146485721881,-0.01666666666665151,0.01666666666667993
15,xgboost|bp_lag1,0.9865933429811867,0.9823235064723576,0.9823451225373421,-0.01666666666665151,-0.04999999999998295
15,xgboost|none,0.832590448625181,0.817670793407841,0.8009955563148607,-89.98333333333329,80.61666666666667
16,xgboost|balanced,0.7998610709117221,0.7266490762346004,0.7303656731897319,-128.88333333333333,24.433333333333337
16,xgboost|bp,0.9931808972503618,0.9901201523602875,0.9902224181833145,0.06666666666666288,-0.18333333333333712
16,xgboost|bp_lag1,0.9863386396526773,0.9801807969364126,0.9803940047859975,0.18333333333333712,-0.4000000000000057
16,xgboost|none,0.7927641099855283,0.6637204008517341,0.6810595481326217,-79.36666666666667,-93.08333333333334
17,xgboost|balanced,0.8078610709117221,0.8165564589105859,0.7661118552537154,-98.68333333333334,190.51666666666665
17,xgboost|bp,0.9930767004341534,0.9895950069833143,0.9896042899520974,0.03333333333330302,-0.01666666666665151
17,xgboost|bp_lag1,0.98616497829233,0.9791984113298562,0.9792263854721283,0.06666666666660603,-0.04999999999998295
17,xgboost|none,0.8361331403762663,0.7942817754676161,0.7790327939761384,-59.64999999999998,59.43333333333334
18,xgboost|balanced,0.7576845151953691,0.7556723686089728,0.7020200933430835,-79.29999999999995,246.09999999999997
18,xgboost|bp,0.9935513748191027,0.9893366696138702,0.9893279422248306,-0.049999999999954525,0.03333333333333144
18,xgboost|bp_lag1,0.987137481910275,0.9786934130735179,0.9787048656630485,0.0,-0.01666666666667993
18,xgboost|none,0.789534008683068,0.716835800967857,0.6993372766302768,-13.233333333333292,76.06666666666666
1,cnn1d|headline,0.7601852387843705,0.8009662971899115,0.7379970975639059,,
1,lstm|headline,0.7616671490593343,0.792312640274511,0.7379001330073799,,
1,xgboost|headline,0.8510217076700434,0.8138794335747113,0.8074246350464865,,
1,gru|headline,0.8354848046309696,0.8180956303308099,0.7975294805860268,,
1,transformer|headline,0.8351143270622287,0.8342414069791225,0.8024922175392675,,
2,cnn1d|headline,0.8175629522431259,0.8185383726713841,0.8014507741895288,,
2,lstm|headline,0.8183039073806078,0.8217776892908657,0.802702201320785,,
2,xgboost|headline,0.8226222865412446,0.8091757213645292,0.801521316532397,,
2,gru|headline,0.816821997105644,0.8152692925805022,0.7995789489454119,,
2,transformer|headline,0.8188943560057887,0.8219996676263239,0.803335909185681,,
3,cnn1d|headline,0.8199479015918958,0.8087769592385164,0.79446947858959,,
3,lstm|headline,0.8175050651230101,0.8095261679126134,0.7929325509224014,,
3,xgboost|headline,0.8210477568740955,0.7758500438876826,0.7807003907835446,,
3,gru|headline,0.8074674384949349,0.8092844176432373,0.7865713720555156,,
3,transformer|headline,0.8260376266280752,0.8168914750035632,0.8011296358128547,,
4,cnn1d|headline,0.8287351664254703,0.8185407098759768,0.7942892504431914,,
4,lstm|headline,0.8267554269175108,0.8120940267166573,0.790361997892758,,
4,xgboost|headline,0.8287698986975398,0.7675415196876608,0.7747033880542228,,
4,gru|headline,0.756642547033285,0.7213389979905882,0.7141998856407429,,
4,transformer|headline,0.8300086830680173,0.8188389038359135,0.7950288780523233,,
5,cnn1d|headline,0.8261186685962373,0.806152167975862,0.791114740824652,,
5,lstm|headline,0.8265933429811867,0.8159821980944932,0.7943480973825036,,
5,xgboost|headline,0.8327872648335746,0.7876681284498926,0.7900097726385179,,
5,gru|headline,0.8192532561505065,0.8140081636887668,0.7877175528957098,,
5,transformer|headline,0.821534008683068,0.815288378103781,0.7894016984541364,,
6,cnn1d|headline,0.8169030390738061,0.8048094352232904,0.7972338244215099,,
6,lstm|headline,0.7916410998552822,0.7867373526548233,0.771752703578569,,
6,xgboost|headline,0.8147033285094066,0.7889667419825944,0.7905861757226896,,
6,gru|headline,0.8125383502170767,0.806634120463421,0.7938650920947669,,
6,transformer|headline,0.7927178002894356,0.7852418264895723,0.7733061921148611,,
7,cnn1d|headline,0.7164804630969609,0.731211334414601,0.7055306972224044,,
7,lstm|headline,0.6723473227206946,0.6976497382679249,0.6677239587704795,,
7,xgboost|headline,0.728451519536903,0.7296713392954857,0.7147367239086307,,
7,gru|headline,0.6538581765557163,0.6867724577783573,0.6523778507706749,,
7,transformer|headline,0.6997858176555717,0.7208097553370791,0.6926231745283453,,
8,cnn1d|headline,0.4581070911722142,0.5304836019721678,0.3988685836263701,,
8,lstm|headline,0.46393053545586105,0.5297799155316335,0.41185180407077016,,
8,xgboost|headline,0.48947033285094066,0.5349732437725822,0.46104648424060324,,
8,gru|headline,0.4486946454413893,0.519233351327354,0.39536645662641834,,
8,transformer|headline,0.4531751085383502,0.5264167215632908,0.3972908123990819,,
9,cnn1d|headline,0.7423444283646888,0.7460371830649493,0.7326467055465969,,
9,lstm|headline,0.6813082489146165,0.7000160364453215,0.6754925509012649,,
9,xgboost|headline,0.7437105643994212,0.7319830404236068,0.727808519465155,,
9,gru|headline,0.7480636758321274,0.7458683830317182,0.7361804214327412,,
9,transformer|headline,0.5792648335745296,0.6212334657711823,0.5595815141335237,,
10,cnn1d|headline,0.8411808972503618,0.8457293501761676,0.8049037876411296,,
10,lstm|headline,0.8336208393632417,0.8362056392812559,0.7954221086877064,,
10,xgboost|headline,0.8685267727930536,0.8437893211942521,0.829820801614294,,
10,gru|headline,0.8323936324167872,0.8408018592525943,0.7961465588906039,,
10,transformer|headline,0.842767004341534,0.848591988913738,0.8065001760426299,,
11,cnn1d|headline,0.7578465991316932,0.7745975428781291,0.6929367166996503,,
11,lstm|headline,0.7494761215629523,0.7618014043737403,0.6812750365525441,,
11,xgboost|headline,0.8142170767004342,0.7454821513249472,0.7147657583020476,,
11,gru|headline,0.7068133140376266,0.7444814593955574,0.6534698489992026,,
11,transformer|headline,0.7731403762662807,0.7721628741412911,0.6997237995116109,,
12,cnn1d|headline,0.8504544138929089,0.8538640733942763,0.8238279249597961,,
12,lstm|headline,0.8312706222865412,0.8457397831712538,0.8075745508736962,,
12,xgboost|headline,0.8606193921852388,0.836383405770516,0.8276210737635977,,
12,gru|headline,0.8423386396526773,0.8584940725494129,0.8193628198789881,,
12,transformer|headline,0.8482894356005789,0.8592201529689717,0.8235822838931895,,
13,cnn1d|headline,0.8117163531114328,0.7419446707944912,0.7404173222407188,,
13,lstm|headline,0.8061476121562953,0.770467399174772,0.7505914590147648,,
13,xgboost|headline,0.8383791606367583,0.7408213512031404,0.7554682098913905,,
13,gru|headline,0.8115658465991317,0.7988328208351806,0.7663826122275522,,
13,transformer|headline,0.8152590448625181,0.7871556686276427,0.7655043509590191,,
14,cnn1d|headline,0.8257481910274964,0.7659326244442659,0.7742634237799776,,
14,lstm|headline,0.7978350217076701,0.7370173571675368,0.740052510400743,,
14,xgboost|headline,0.8309811866859623,0.742135927204135,0.760603800398666,,
14,gru|headline,0.8099913169319827,0.7486974468341628,0.7550717096717868,,
14,transformer|headline,0.8313748191027497,0.7755094111031277,0.7823553366164302,,
15,cnn1d|headline,0.8152127351664255,0.815571956170694,0.7861715680752633,,
15,lstm|headline,0.7651287988422576,0.764708446193354,0.7350232317811223,,
15,xgboost|headline,0.832590448625181,0.817670793407841,0.8009955563148607,,
15,gru|headline,0.8058697539797395,0.8155221254078618,0.7801866049896772,,
15,transformer|headline,0.787589001447178,0.8007644617667387,0.760571088063028,,
16,cnn1d|headline,0.7892329956584659,0.7044149938836451,0.7122857689032438,,
16,lstm|headline,0.7790680173661361,0.689770514698854,0.6961224786946324,,
16,xgboost|headline,0.7927641099855283,0.6637204008517341,0.6810595481326217,,
16,gru|headline,0.7785586107091172,0.6920487163878208,0.7010370560631375,,
16,transformer|headline,0.7838610709117222,0.708160577253978,0.7112313783707088,,
17,cnn1d|headline,0.8128972503617945,0.8016012309757422,0.7644846180952992,,
17,lstm|headline,0.7748538350217077,0.7668743270368666,0.724639327536068,,
17,xgboost|headline,0.8361331403762663,0.7942817754676161,0.7790327939761384,,
17,gru|headline,0.7541765557163531,0.770290396040849,0.7131836189383017,,
17,transformer|headline,0.8104081041968162,0.7974634057160376,0.7609554662343182,,
18,cnn1d|headline,0.7995369030390738,0.7467517181660929,0.7226234902822705,,
18,lstm|headline,0.7776555716353112,0.737866061917126,0.7040783602108632,,
18,xgboost|headline,0.789534008683068,0.716835800967857,0.6993372766302768,,
18,gru|headline,0.7748538350217077,0.7494832977989541,0.707337966133637,,
18,transformer|headline,0.7618176555716353,0.7578887764508307,0.7061364310953152,,
