arm,n,acc,acc_sd,balacc,f1,rum_min_bias,eat_min_bias,rum_min_mae,eat_min_mae
cnn1d|ce_only|none|s1,18,0.7955703489306962,0.08507925851516833,0.7538749684713859,0.7449048220032278,-106.72685185185185,51.90462962962963,106.72685185185185,72.40833333333335
cnn1d|ce_only|weighted|s1,18,0.7773506994693681,0.09023055311633278,0.7761217629158358,0.7414363526789479,-148.36481481481482,182.29999999999998,148.3648148148148,182.4796296296296
cnn1d|headline,18,0.7827895159993568,0.08854264474189982,0.7731069012505647,0.7430842096169499,,,,
cnn1d|multitask|none|s1,18,0.7917144235407622,0.08784501591281949,0.7550451717292619,0.7396112004357287,-106.83518518518518,69.99722222222222,106.8351851851852,102.79722222222223
cnn1d|multitask|none|s2,18,0.7876938414536099,0.09125895279318884,0.7440227231112607,0.7337317179902203,-117.64166666666668,54.46666666666667,118.22314814814814,93.09814814814814
cnn1d|multitask|none|s3,18,0.7863032641903843,0.09625760148852154,0.7396630574361954,0.730466372355526,-109.88981481481481,44.37314814814815,109.88981481481481,95.73055555555555
cnn1d|multitask|weighted|s1,18,0.7593445891622447,0.10729459847757185,0.7624069690099402,0.7220429594525699,-165.5027777777778,212.95277777777778,165.5027777777778,213.8898148148148
cnn1d|multitask|weighted|s2,18,0.7742691751085383,0.10896752966182378,0.7649547472823652,0.7334097734641147,-157.37592592592594,167.70185185185184,157.37592592592594,168.04259259259263
cnn1d|multitask|weighted|s3,18,0.7673497346840328,0.10220511627630695,0.7650799731782751,0.7298007110346449,-155.0027777777778,189.11481481481482,155.0027777777778,189.11481481481485
gru|headline,18,0.7675214664737096,0.09313940238282357,0.7641753894076193,0.7308647698244941,,,,
lstm|headline,18,0.7652838076861231,0.0883591185988039,0.759795927677978,0.7266580589777251,,,,
lstm|multitask|none|s1,18,0.7855687409551374,0.08805022460697917,0.7405224984740196,0.7310966187001506,-120.31296296296296,32.89351851851851,120.31296296296296,81.5287037037037
lstm|multitask|weighted|s1,18,0.7754449268371121,0.08831335382823795,0.7690490623897969,0.7372014575902153,-148.8694444444444,161.9787037037037,148.86944444444444,161.9787037037037
lstm|multitask|weighted|s2,18,0.7658150828107413,0.08835844691267167,0.7667349970311264,0.7300165685984747,-159.73333333333332,200.00555555555556,159.73333333333332,200.00555555555556
lstm|multitask|weighted|s3,18,0.7602360508120277,0.0934622452308553,0.7590879108638237,0.7223822994336608,-169.93888888888887,198.77685185185186,169.93888888888887,198.77685185185186
transformer|headline,18,0.7728355041003376,0.10219287454067909,0.7704377176473436,0.7350416857225736,,,,
xgboost|balanced,18,0.7860980865090851,0.09446573737141249,0.7838030766883778,0.7510941548665376,-130.01018518518515,171.23425925925926,130.01018518518518,171.23425925925926
xgboost|bp,18,0.9934317414375301,0.0010130703269545479,0.9911536534815285,0.9911821804851021,0.07314814814816056,-0.07407407407406986,0.09907407407407555,0.09999999999999748
xgboost|bp_lag1,18,0.9868892104840007,0.002023279322607862,0.9823364924371373,0.9823995569941657,0.15740740740741266,-0.1694444444444435,0.1870370370370406,0.19166666666666446
xgboost|headline,18,0.7997961086991477,0.08538069987002414,0.7578238966572658,0.7498467903008967,,,,
xgboost|none,18,0.7997961086991477,0.08538069987002414,0.7578238966572658,0.7498467903008967,-76.46574074074073,45.02314814814815,76.85277777777779,79.28796296296296
