arm,epoch,mse,ce,alpha_ce,mse_share
loao|cnn1d|ce_only|none,1,0.4239042539977365,0.44590267166495323,0.15606593508273361,0.722073335265822
loao|cnn1d|ce_only|none,40,0.27689116820693016,0.4361679969976346,0.1526587989491721,0.6347316734479072
loao|cnn1d|ce_only|weighted,1,0.6107383620821767,0.5104448441416025,0.17865569544956086,0.7380101130984879
loao|cnn1d|ce_only|weighted,40,0.30479063254056704,0.4979417642785443,0.1742796174974905,0.6242483727744805
loao|cnn1d|multitask|none,1,0.014001874988295,0.44503948706443663,0.1557638204725528,0.08248404007464716
loao|cnn1d|multitask|none,10,0.013451915389547745,0.43967738285384794,0.15388708399884676,0.0804199100938991
loao|cnn1d|multitask|none,20,0.013180329772660992,0.4337547046166879,0.15181414661584075,0.07989280180058758
loao|cnn1d|multitask|none,40,0.013284228783083597,0.43453331091613684,0.15208665882064787,0.08033451197743867
loao|cnn1d|multitask|weighted,1,0.014224204139921951,0.508103952984567,0.17783638354459846,0.07405180884362282
loao|cnn1d|multitask|weighted,10,0.013637776555562461,0.5003228742905237,0.17511300600168328,0.07226118982343323
loao|cnn1d|multitask|weighted,20,0.01342360167203609,0.4960079722934299,0.17360279030270045,0.07177579395318472
loao|cnn1d|multitask|weighted,40,0.013514434254762751,0.4962039391199748,0.17367137869199117,0.07218599038591214
loao|lstm|multitask|none,1,0.012855225688933084,0.43907898519602084,0.1536776448186073,0.07717525211556953
loao|lstm|multitask|none,10,0.012268451876783123,0.42756150021321243,0.14964652507462434,0.0757685255457284
loao|lstm|multitask|none,20,0.01188810636004847,0.4271720438781712,0.1495102153573599,0.07364440569858338
loao|lstm|multitask|none,40,0.011893271035256071,0.42599385583566296,0.14909784954248204,0.07386631586251985
loao|lstm|multitask|weighted,1,0.013126882677035476,0.5033901030956595,0.1761865360834808,0.06933043238160232
loao|lstm|multitask|weighted,10,0.012273869824302555,0.48738098820602455,0.17058334587210858,0.06710861192389213
loao|lstm|multitask|weighted,20,0.011986463283257628,0.4874666504285954,0.1706133276500084,0.06563297692692605
loao|lstm|multitask|weighted,40,0.0119606944370187,0.48365356862820963,0.16927874901987336,0.06598971584608926
loto|cnn1d|multitask|none,1,0.015146756311878562,0.4448118855555852,0.1556841599444548,0.08891880482167874
loto|cnn1d|multitask|none,10,0.01439237097899119,0.4315592075387637,0.15104572263856728,0.08732013781691556
loto|cnn1d|multitask|none,20,0.014155732739406327,0.4282602556049824,0.14989108946174381,0.08650783383072658
loto|cnn1d|multitask|none,40,0.01454051653854549,0.4323747406403224,0.1513311592241128,0.08790111113718219
loto|cnn1d|multitask|weighted,1,0.01581992694021513,0.5095919966697693,0.17835719883441925,0.08147275812533022
loto|cnn1d|multitask|weighted,10,0.01466697504899154,0.4917130110164483,0.1720995538557569,0.0785270372908047
loto|cnn1d|multitask|weighted,20,0.014720543326499561,0.49177579457561177,0.17212152810146408,0.07875627086322738
loto|cnn1d|multitask|weighted,40,0.014716962856861452,0.4964947725335757,0.17377317038675147,0.0780078587165513
