arm,trial,n_animals,loto_acc,loto_balacc,loao_acc_same_animals
xgboost|balanced,1,6,0.8232050168837435,0.8033127952114322,0.8278205499276411
xgboost|balanced,2,4,0.6859102749638205,0.7117591699008458,0.6850998552821997
xgboost|balanced,3,8,0.6415470332850941,0.6451055683636688,0.8053053545586106
xgboost|none,1,6,0.8097153883260974,0.7485595913777462,0.8284920405209841
xgboost|none,2,4,0.7107901591895803,0.7121092515343422,0.7075397973950797
xgboost|none,3,8,0.7180390738060781,0.6572336383236992,0.8244023154848046
cnn1d|multitask|none,1,6,0.8034095513748193,0.7346143058911491,0.8211345875542694
cnn1d|multitask|none,2,4,0.6995918958031838,0.7058035549225212,0.696341534008683
cnn1d|multitask|none,3,8,0.6278726483357453,0.5813855268831456,0.8173357452966714
cnn1d|multitask|weighted,1,6,0.8070622286541246,0.7870357140791105,0.7742132175590931
cnn1d|multitask|weighted,2,4,0.6395426917510854,0.6717326847430012,0.6747033285094066
cnn1d|multitask|weighted,3,8,0.6219942112879884,0.6117933922899436,0.7905137481910276
